[
  {
    "pageUrl": "https://www.notion.so/",
    "url": "https://www.googletagmanager.com/gtag/js?id=AW-954804604",
    "method": "GET",
    "headers": {
      "sec-ch-ua": "\"Chromium\";v=\"123\", \"Not:A-Brand\";v=\"8\"",
      "referer": "https://www.notion.so/",
      "sec-ch-ua-mobile": "?0",
      "user-agent": "Mozilla/5.0 (X11; Linux x86_64) AppleWebKit/537.36 (KHTML, like Gecko) Chrome/123.0.0.0 Safari/537.36",
      "sec-ch-ua-platform": "\"Linux\"",
      "accept": "*/*"
    }
  },
  {
    "pageUrl": "https://www.notion.so/",
    "url": "https://http-inputs-notion.splunkcloud.com/services/collector/raw",
    "method": "OPTIONS",
    "headers": {
      "accept": "*/*",
      "access-control-request-headers": "authorization",
      "access-control-request-method": "POST",
      "origin": "https://www.notion.so",
      "sec-fetch-mode": "cors",
      "user-agent": "Mozilla/5.0 (X11; Linux x86_64) AppleWebKit/537.36 (KHTML, like Gecko) Chrome/123.0.0.0 Safari/537.36",
      "referer": "https://www.notion.so/"
    }
  },
  {
    "pageUrl": "https://www.notion.so/",
    "url": "https://www.notion.so/api/v3/teV1",
    "method": "POST",
    "headers": {
      "sec-ch-ua": "\"Chromium\";v=\"123\", \"Not:A-Brand\";v=\"8\"",
      "sec-ch-ua-platform": "\"Linux\"",
      "referer": "https://www.notion.so/",
      "sec-ch-ua-mobile": "?0",
      "user-agent": "Mozilla/5.0 (X11; Linux x86_64) AppleWebKit/537.36 (KHTML, like Gecko) Chrome/123.0.0.0 Safari/537.36",
      "content-type": "application/x-www-form-urlencoded; charset=UTF-8",
      "accept": "*/*",
      "cookie": "notion_browser_id=a2f4c525-8cb2-48db-826e-526cc956dee4; device_id=55418eb9-f758-486c-a40c-5f8d755cd9ca; notion_check_cookie_consent=false; __cf_bm=MPlotF05dbNsP8lkmKXtJlT8mEOGMcEbkbEBxkrntd8-1713761559-1.0.1.1-2JqtKPWAd7KEGXsdMYA.UERAmnQXPx0LV4YPyF5KMHmBA8nluPnGXzqDUz3RyO9Lqo61kTQ8RN5zwxgPmfMRcQ; _cfuvid=uuFKwR5gQBe7qrZqGXF2y1_6T8BtC80C0nUJFGdfiJA-1713761559747-0.0.1.1-604800000; amp_af43d4=a2f4c5258cb248db826e526cc956dee4...1hs22c9sd.1hs22c9se.1.0.1",
      "origin": "https://www.notion.so"
    }
  },
  {
    "pageUrl": "https://www.notion.so/",
    "url": "https://o324374.ingest.sentry.io/api/4506742283763712/envelope/?sentry_key=d9ffc21a5ef88a093f955a60ac273d9a&sentry_version=7&sentry_client=sentry.javascript.nextjs%2F7.101.0",
    "method": "POST",
    "headers": {
      "sec-ch-ua": "\"Chromium\";v=\"123\", \"Not:A-Brand\";v=\"8\"",
      "sec-ch-ua-platform": "\"Linux\"",
      "referer": "https://www.notion.so/",
      "sec-ch-ua-mobile": "?0",
      "user-agent": "Mozilla/5.0 (X11; Linux x86_64) AppleWebKit/537.36 (KHTML, like Gecko) Chrome/123.0.0.0 Safari/537.36",
      "content-type": "text/plain;charset=UTF-8",
      "accept": "*/*",
      "origin": "https://www.notion.so"
    }
  },
  {
    "pageUrl": "https://www.notion.so/",
    "url": "https://www.notion.so/api/v3/teV1",
    "method": "POST",
    "headers": {
      "sec-ch-ua": "\"Chromium\";v=\"123\", \"Not:A-Brand\";v=\"8\"",
      "sec-ch-ua-platform": "\"Linux\"",
      "referer": "https://www.notion.so/",
      "sec-ch-ua-mobile": "?0",
      "user-agent": "Mozilla/5.0 (X11; Linux x86_64) AppleWebKit/537.36 (KHTML, like Gecko) Chrome/123.0.0.0 Safari/537.36",
      "content-type": "application/x-www-form-urlencoded; charset=UTF-8",
      "accept": "*/*",
      "cookie": "notion_browser_id=a2f4c525-8cb2-48db-826e-526cc956dee4; device_id=55418eb9-f758-486c-a40c-5f8d755cd9ca; notion_check_cookie_consent=false; __cf_bm=MPlotF05dbNsP8lkmKXtJlT8mEOGMcEbkbEBxkrntd8-1713761559-1.0.1.1-2JqtKPWAd7KEGXsdMYA.UERAmnQXPx0LV4YPyF5KMHmBA8nluPnGXzqDUz3RyO9Lqo61kTQ8RN5zwxgPmfMRcQ; _cfuvid=uuFKwR5gQBe7qrZqGXF2y1_6T8BtC80C0nUJFGdfiJA-1713761559747-0.0.1.1-604800000; amp_af43d4=a2f4c5258cb248db826e526cc956dee4...1hs22c9sd.1hs22c9ui.5.0.5",
      "origin": "https://www.notion.so"
    }
  },
  {
    "pageUrl": "https://www.notion.so/",
    "url": "https://http-inputs-notion.splunkcloud.com/services/collector/raw",
    "method": "POST",
    "headers": {
      "sec-ch-ua": "\"Chromium\";v=\"123\", \"Not:A-Brand\";v=\"8\"",
      "content-type": "text/plain; charset=utf-8",
      "referer": "https://www.notion.so/",
      "sec-ch-ua-mobile": "?0",
      "authorization": "Splunk EA76605A-F565-4B17-A496-34435622A1EB",
      "user-agent": "Mozilla/5.0 (X11; Linux x86_64) AppleWebKit/537.36 (KHTML, like Gecko) Chrome/123.0.0.0 Safari/537.36",
      "sec-ch-ua-platform": "\"Linux\"",
      "accept": "*/*",
      "origin": "https://www.notion.so"
    }
  },
  {
    "pageUrl": "https://www.notion.so/",
    "url": "https://www.googletagmanager.com/gtm.js?id=GTM-MTWKTL4",
    "method": "GET",
    "headers": {
      "sec-ch-ua": "\"Chromium\";v=\"123\", \"Not:A-Brand\";v=\"8\"",
      "referer": "https://www.notion.so/",
      "sec-ch-ua-mobile": "?0",
      "user-agent": "Mozilla/5.0 (X11; Linux x86_64) AppleWebKit/537.36 (KHTML, like Gecko) Chrome/123.0.0.0 Safari/537.36",
      "sec-ch-ua-platform": "\"Linux\"",
      "accept": "*/*"
    }
  },
  {
    "pageUrl": "https://www.notion.so/",
    "url": "https://accounts.google.com/gsi/log?client_id=905154081809-858sm3f0qnalqd9d44d9gecjtrdji9tf.apps.googleusercontent.com&as=IivfrrWsL0FI7v37AJcsEQ&event=onetap.policy.defaultPosition",
    "method": "POST",
    "headers": {
      "sec-ch-ua": "\"Chromium\";v=\"123\", \"Not:A-Brand\";v=\"8\"",
      "sec-ch-ua-platform": "\"Linux\"",
      "referer": "https://www.notion.so/",
      "sec-ch-ua-mobile": "?0",
      "user-agent": "Mozilla/5.0 (X11; Linux x86_64) AppleWebKit/537.36 (KHTML, like Gecko) Chrome/123.0.0.0 Safari/537.36",
      "content-type": "application/x-www-form-urlencoded;charset=UTF-8",
      "accept": "*/*",
      "origin": "https://www.notion.so"
    }
  },
  {
    "pageUrl": "https://www.notion.so/",
    "url": "https://accounts.google.com/gsi/log?client_id=905154081809-858sm3f0qnalqd9d44d9gecjtrdji9tf.apps.googleusercontent.com&as=IivfrrWsL0FI7v37AJcsEQ&event=onetap.policy.uiEvents",
    "method": "POST",
    "headers": {
      "sec-ch-ua": "\"Chromium\";v=\"123\", \"Not:A-Brand\";v=\"8\"",
      "sec-ch-ua-platform": "\"Linux\"",
      "referer": "https://www.notion.so/",
      "sec-ch-ua-mobile": "?0",
      "user-agent": "Mozilla/5.0 (X11; Linux x86_64) AppleWebKit/537.36 (KHTML, like Gecko) Chrome/123.0.0.0 Safari/537.36",
      "content-type": "application/x-www-form-urlencoded;charset=UTF-8",
      "accept": "*/*",
      "origin": "https://www.notion.so"
    }
  },
  {
    "pageUrl": "https://www.notion.so/",
    "url": "https://www.notion.so/api/v3/teV1",
    "method": "POST",
    "headers": {
      "sec-ch-ua": "\"Chromium\";v=\"123\", \"Not:A-Brand\";v=\"8\"",
      "sec-ch-ua-platform": "\"Linux\"",
      "referer": "https://www.notion.so/",
      "sec-ch-ua-mobile": "?0",
      "user-agent": "Mozilla/5.0 (X11; Linux x86_64) AppleWebKit/537.36 (KHTML, like Gecko) Chrome/123.0.0.0 Safari/537.36",
      "content-type": "application/x-www-form-urlencoded; charset=UTF-8",
      "accept": "*/*",
      "cookie": "notion_browser_id=a2f4c525-8cb2-48db-826e-526cc956dee4; device_id=55418eb9-f758-486c-a40c-5f8d755cd9ca; notion_check_cookie_consent=false; __cf_bm=MPlotF05dbNsP8lkmKXtJlT8mEOGMcEbkbEBxkrntd8-1713761559-1.0.1.1-2JqtKPWAd7KEGXsdMYA.UERAmnQXPx0LV4YPyF5KMHmBA8nluPnGXzqDUz3RyO9Lqo61kTQ8RN5zwxgPmfMRcQ; _cfuvid=uuFKwR5gQBe7qrZqGXF2y1_6T8BtC80C0nUJFGdfiJA-1713761559747-0.0.1.1-604800000; ps_mode=trackingV1; amp_af43d4=a2f4c5258cb248db826e526cc956dee4...1hs22c9sd.1hs22cbru.6.0.6",
      "origin": "https://www.notion.so"
    }
  },
  {
    "pageUrl": "https://www.notion.so/",
    "url": "https://www.notion.so/api/v3/teV1",
    "method": "POST",
    "headers": {
      "sec-ch-ua": "\"Chromium\";v=\"123\", \"Not:A-Brand\";v=\"8\"",
      "sec-ch-ua-platform": "\"Linux\"",
      "referer": "https://www.notion.so/",
      "sec-ch-ua-mobile": "?0",
      "user-agent": "Mozilla/5.0 (X11; Linux x86_64) AppleWebKit/537.36 (KHTML, like Gecko) Chrome/123.0.0.0 Safari/537.36",
      "content-type": "application/x-www-form-urlencoded; charset=UTF-8",
      "accept": "*/*",
      "cookie": "notion_browser_id=a2f4c525-8cb2-48db-826e-526cc956dee4; device_id=55418eb9-f758-486c-a40c-5f8d755cd9ca; notion_check_cookie_consent=false; __cf_bm=MPlotF05dbNsP8lkmKXtJlT8mEOGMcEbkbEBxkrntd8-1713761559-1.0.1.1-2JqtKPWAd7KEGXsdMYA.UERAmnQXPx0LV4YPyF5KMHmBA8nluPnGXzqDUz3RyO9Lqo61kTQ8RN5zwxgPmfMRcQ; _cfuvid=uuFKwR5gQBe7qrZqGXF2y1_6T8BtC80C0nUJFGdfiJA-1713761559747-0.0.1.1-604800000; ps_mode=trackingV1; amp_af43d4=a2f4c5258cb248db826e526cc956dee4...1hs22c9sd.1hs22cbuo.8.0.8",
      "origin": "https://www.notion.so"
    }
  },
  {
    "pageUrl": "https://www.notion.so/",
    "url": "https://o324374.ingest.sentry.io/api/4506742283763712/envelope/?sentry_key=d9ffc21a5ef88a093f955a60ac273d9a&sentry_version=7&sentry_client=sentry.javascript.nextjs%2F7.101.0",
    "method": "POST",
    "headers": {
      "accept": "*/*",
      "content-type": "text/plain;charset=UTF-8",
      "origin": "https://www.notion.so",
      "referer": "https://www.notion.so/",
      "user-agent": "Mozilla/5.0 (X11; Linux x86_64) AppleWebKit/537.36 (KHTML, like Gecko) Chrome/123.0.0.0 Safari/537.36",
      "sec-ch-ua": "\"Chromium\";v=\"123\", \"Not:A-Brand\";v=\"8\"",
      "sec-ch-ua-mobile": "?0",
      "sec-ch-ua-platform": "\"Linux\""
    }
  }
]