[
  {
    "pageUrl": "https://slack.com/",
    "url": "https://reveal.clearbit.com/v1/companies/reveal?variable=reveal&authorization=pk_7144fadb90a8fdd9c89e1395ff4171a3",
    "method": "GET",
    "headers": {
      "sec-ch-ua": "\"Chromium\";v=\"123\", \"Not:A-Brand\";v=\"8\"",
      "referer": "https://slack.com/",
      "sec-ch-ua-mobile": "?0",
      "user-agent": "Mozilla/5.0 (X11; Linux x86_64) AppleWebKit/537.36 (KHTML, like Gecko) Chrome/123.0.0.0 Safari/537.36",
      "sec-ch-ua-platform": "\"Linux\"",
      "accept": "*/*"
    }
  },
  {
    "pageUrl": "https://slack.com/",
    "url": "https://www.googletagmanager.com/gtm.js?id=GTM-KH2LPK",
    "method": "GET",
    "headers": {
      "sec-ch-ua": "\"Chromium\";v=\"123\", \"Not:A-Brand\";v=\"8\"",
      "referer": "",
      "sec-ch-ua-mobile": "?0",
      "user-agent": "Mozilla/5.0 (X11; Linux x86_64) AppleWebKit/537.36 (KHTML, like Gecko) Chrome/123.0.0.0 Safari/537.36",
      "sec-ch-ua-platform": "\"Linux\"",
      "accept": "*/*"
    }
  },
  {
    "pageUrl": "https://slack.com/",
    "url": "https://api.demandbase.com/api/v2/ip.json?key=SwiasFFEg4lY56Lk7SVRUQiM5c1apgpy8SA3118a&callback=optimizely_demandbase",
    "method": "GET",
    "headers": {
      "sec-ch-ua": "\"Chromium\";v=\"123\", \"Not:A-Brand\";v=\"8\"",
      "referer": "",
      "sec-ch-ua-mobile": "?0",
      "user-agent": "Mozilla/5.0 (X11; Linux x86_64) AppleWebKit/537.36 (KHTML, like Gecko) Chrome/123.0.0.0 Safari/537.36",
      "sec-ch-ua-platform": "\"Linux\"",
      "accept": "*/*"
    }
  },
  {
    "pageUrl": "https://slack.com/",
    "url": "https://a11179690159.cdn.optimizely.com/client_storage/a11179690159.html",
    "method": "GET",
    "headers": {
      "upgrade-insecure-requests": "1",
      "user-agent": "Mozilla/5.0 (X11; Linux x86_64) AppleWebKit/537.36 (KHTML, like Gecko) Chrome/123.0.0.0 Safari/537.36",
      "sec-ch-ua": "\"Chromium\";v=\"123\", \"Not:A-Brand\";v=\"8\"",
      "sec-ch-ua-mobile": "?0",
      "sec-ch-ua-platform": "\"Linux\"",
      "accept": "text/html,application/xhtml+xml,application/xml;q=0.9,image/avif,image/webp,image/apng,*/*;q=0.8,application/signed-exchange;v=b3;q=0.7"
    }
  },
  {
    "pageUrl": "https://slack.com/",
    "url": "https://slack.com/clog/track/?logs=%5B%7B%22tstamp%22%3A1713760650717%2C%22event%22%3A%22WEBSITE_IMPRESSION%22%2C%22args%22%3A%7B%22trigger%22%3A%22%22%2C%22contexts%22%3A%7B%22ui_context%22%3A%7B%22step%22%3A%22page_home%22%2C%22ui_step%22%3A%22page_home%22%2C%22action%22%3A%22impression%22%2C%22ui_component%22%3A%22%22%7D%7D%2C%22page_url%22%3A%22https%3A%2F%2Fslack.com%2F%22%7D%2C%22i18n_locale%22%3A%22en-US%22%7D%2C%7B%22tstamp%22%3A1713760650717%2C%22event%22%3A%22KEY_PAGE_IMPRESSION%22%2C%22args%22%3A%7B%22trigger%22%3A%22%22%2C%22contexts%22%3A%7B%22ui_context%22%3A%7B%22step%22%3A%22page_home%22%2C%22ui_step%22%3A%22page_home%22%2C%22action%22%3A%22impression%22%2C%22ui_component%22%3A%22%22%7D%7D%2C%22page_url%22%3A%22https%3A%2F%2Fslack.com%2F%22%7D%2C%22i18n_locale%22%3A%22en-US%22%7D%5D&o=dotcom",
    "method": "GET",
    "headers": {
      "sec-ch-ua": "\"Chromium\";v=\"123\", \"Not:A-Brand\";v=\"8\"",
      "referer": "https://slack.com/",
      "sec-ch-ua-mobile": "?0",
      "user-agent": "Mozilla/5.0 (X11; Linux x86_64) AppleWebKit/537.36 (KHTML, like Gecko) Chrome/123.0.0.0 Safari/537.36",
      "sec-ch-ua-platform": "\"Linux\"",
      "accept": "image/avif,image/webp,image/apng,image/svg+xml,image/*,*/*;q=0.8",
      "cookie": "b=456d02ee73a4cb72a8b16a1ebc4b4cd8; x=456d02ee73a4cb72a8b16a1ebc4b4cd8.1713760650"
    }
  },
  {
    "pageUrl": "https://slack.com/",
    "url": "https://logx.optimizely.com/v1/events",
    "method": "POST",
    "headers": {
      "sec-ch-ua": "\"Chromium\";v=\"123\", \"Not:A-Brand\";v=\"8\"",
      "sec-ch-ua-platform": "\"Linux\"",
      "referer": "",
      "sec-ch-ua-mobile": "?0",
      "user-agent": "Mozilla/5.0 (X11; Linux x86_64) AppleWebKit/537.36 (KHTML, like Gecko) Chrome/123.0.0.0 Safari/537.36",
      "content-type": "text/plain;charset=UTF-8",
      "accept": "*/*",
      "origin": "https://slack.com"
    }
  },
  {
    "pageUrl": "https://slack.com/",
    "url": "https://logx.optimizely.com/v1/events",
    "method": "POST",
    "headers": {
      "sec-ch-ua": "\"Chromium\";v=\"123\", \"Not:A-Brand\";v=\"8\"",
      "sec-ch-ua-platform": "\"Linux\"",
      "referer": "",
      "sec-ch-ua-mobile": "?0",
      "user-agent": "Mozilla/5.0 (X11; Linux x86_64) AppleWebKit/537.36 (KHTML, like Gecko) Chrome/123.0.0.0 Safari/537.36",
      "content-type": "text/plain;charset=UTF-8",
      "accept": "*/*",
      "origin": "https://slack.com"
    }
  },
  {
    "pageUrl": "https://slack.com/",
    "url": "https://slack.com/clog/track/?logs=%5B%7B%22tstamp%22%3A1713760652977%2C%22event%22%3A%22WEBSITE_CLICK%22%2C%22args%22%3A%7B%22target_url%22%3A%22https%3A%2F%2Fslack.com%2Fsignin%22%2C%22contexts%22%3A%7B%22ui_context%22%3A%7B%22ui_element%22%3A%22link_sign_in_nav%22%2C%22ui_component%22%3A%22inc_header_nav_deux%22%2C%22action%22%3A%22click%22%2C%22step%22%3A%22page_home%22%7D%2C%22metadata%22%3A%7B%22origin%22%3A%22%3Ca%20class%3D%5C%22c-nav--signed-out__link%5C%22%20data-clog-click%3D%5C%22%5C%22%20data-clog-ui-element%3D%5C%22link_sign_in_nav%5C%22%20data-clog-ui-component%3D%5C%22inc_header_nav_deux%5C%22%20href%3D%5C%22https%3A%2F%2Fslack.com%2Fsignin%5C%22%20data-qa%3D%5C%22link_sign_in_nav%5C%22%3E%3C%2Fa%3E%22%7D%7D%2C%22page_url%22%3A%22https%3A%2F%2Fslack.com%2F%22%7D%2C%22i18n_locale%22%3A%22en-US%22%7D%5D&o=dotcom",
    "method": "GET",
    "headers": {
      "sec-ch-ua": "\"Chromium\";v=\"123\", \"Not:A-Brand\";v=\"8\"",
      "cache-control": "max-age=0",
      "referer": "https://slack.com/",
      "sec-ch-ua-mobile": "?0",
      "user-agent": "Mozilla/5.0 (X11; Linux x86_64) AppleWebKit/537.36 (KHTML, like Gecko) Chrome/123.0.0.0 Safari/537.36",
      "sec-ch-ua-platform": "\"Linux\"",
      "accept": "*/*",
      "cookie": "b=456d02ee73a4cb72a8b16a1ebc4b4cd8; x=456d02ee73a4cb72a8b16a1ebc4b4cd8.1713760650"
    }
  },
  {
    "pageUrl": "https://slack.com/",
    "url": "https://www.youtube-nocookie.com/youtubei/v1/log_event?alt=json&key=AIzaSyAO_FJ2SlqU8Q4STEHLGCilw_Y9_11qcW8",
    "method": "POST",
    "headers": {
      "sec-ch-ua": "\"Chromium\";v=\"123\", \"Not:A-Brand\";v=\"8\"",
      "x-youtube-ad-signals": "dt=1713760651348&flash=0&frm=2&u_tz=-300&u_his=2&u_h=1080&u_w=3840&u_ah=1080&u_aw=3840&u_cd=24&bc=31&bih=-12245933&biw=-12245933&brdim=1897%2C1093%2C1897%2C1093%2C3840%2C1080%2C1966%2C1094%2C0%2C0&vis=1&wgl=true&ca_type=image",
      "sec-ch-ua-mobile": "?0",
      "user-agent": "Mozilla/5.0 (X11; Linux x86_64) AppleWebKit/537.36 (KHTML, like Gecko) Chrome/123.0.0.0 Safari/537.36",
      "x-goog-request-time": "1713760652982",
      "content-type": "application/json",
      "x-youtube-utc-offset": "-300",
      "x-youtube-client-name": "56",
      "referer": "https://www.youtube-nocookie.com/embed/?showinfo=0&cc_load_policy=1&cc_lang_pref=en&enablejsapi=1&origin=https%3A%2F%2Fslack.com&widgetid=1",
      "x-youtube-client-version": "1.20240416.01.00",
      "x-youtube-time-zone": "America/Chicago",
      "x-goog-visitor-id": "Cgtsa2xaVTVyck1pTSiL05exBjIKCgJVUxIEGgAgPw%3D%3D",
      "sec-ch-ua-platform": "\"Linux\"",
      "accept": "*/*",
      "origin": "https://www.youtube-nocookie.com"
    }
  },
  {
    "pageUrl": "https://slack.com/signin",
    "url": "https://www.googletagmanager.com/gtm.js?id=GTM-KH2LPK",
    "method": "GET",
    "headers": {
      "sec-ch-ua": "\"Chromium\";v=\"123\", \"Not:A-Brand\";v=\"8\"",
      "referer": "",
      "sec-ch-ua-mobile": "?0",
      "user-agent": "Mozilla/5.0 (X11; Linux x86_64) AppleWebKit/537.36 (KHTML, like Gecko) Chrome/123.0.0.0 Safari/537.36",
      "sec-ch-ua-platform": "\"Linux\"",
      "accept": "*/*"
    }
  },
  {
    "pageUrl": "https://slack.com/signin",
    "url": "https://slack.com/beacon/timing?data=ERROR%20caught%20in%20js%2Finline%2Fregister_global_error_handler%20-%20%5Berror%5D%20from%20script%20at%20https%3A%2F%2Fcdn.cookielaw.org%2Fscripttemplates%2FotSDKStub.js%20(failed%20to%20load%3F)%3A1",
    "method": "POST",
    "headers": {
      "sec-ch-ua": "\"Chromium\";v=\"123\", \"Not:A-Brand\";v=\"8\"",
      "sec-ch-ua-platform": "\"Linux\"",
      "referer": "",
      "sec-ch-ua-mobile": "?0",
      "user-agent": "Mozilla/5.0 (X11; Linux x86_64) AppleWebKit/537.36 (KHTML, like Gecko) Chrome/123.0.0.0 Safari/537.36",
      "content-type": "text/plain;charset=UTF-8",
      "accept": "*/*",
      "cookie": "b=456d02ee73a4cb72a8b16a1ebc4b4cd8; x=456d02ee73a4cb72a8b16a1ebc4b4cd8.1713760650",
      "origin": "https://slack.com"
    }
  },
  {
    "pageUrl": "https://slack.com/signin",
    "url": "https://slack.com/beacon/track/?d=eyJ0aW1lIjoxNzEzNzYwNjUzMTU2LCJldmVudCI6InBhZ2V2aWV3IiwidG9rZW4iOiIzMzA3ZjQzNjk2M2UwMmQ0ZjllYjg1Y2U1MTU5NzQ0YyIsInVybCI6Imh0dHBzOi8vc2xhY2suY29tL3NpZ25pbiJ9",
    "method": "GET",
    "headers": {
      "sec-ch-ua": "\"Chromium\";v=\"123\", \"Not:A-Brand\";v=\"8\"",
      "referer": "https://slack.com/signin",
      "sec-ch-ua-mobile": "?0",
      "user-agent": "Mozilla/5.0 (X11; Linux x86_64) AppleWebKit/537.36 (KHTML, like Gecko) Chrome/123.0.0.0 Safari/537.36",
      "sec-ch-ua-platform": "\"Linux\"",
      "accept": "image/avif,image/webp,image/apng,image/svg+xml,image/*,*/*;q=0.8",
      "cookie": "b=456d02ee73a4cb72a8b16a1ebc4b4cd8; x=456d02ee73a4cb72a8b16a1ebc4b4cd8.1713760650"
    }
  },
  {
    "pageUrl": "https://slack.com/signin#/signin",
    "url": "https://slack.com/clog/track/",
    "method": "POST",
    "headers": {
      "sec-ch-ua": "\"Chromium\";v=\"123\", \"Not:A-Brand\";v=\"8\"",
      "sec-ch-ua-platform": "\"Linux\"",
      "referer": "https://slack.com/signin",
      "sec-ch-ua-mobile": "?0",
      "user-agent": "Mozilla/5.0 (X11; Linux x86_64) AppleWebKit/537.36 (KHTML, like Gecko) Chrome/123.0.0.0 Safari/537.36",
      "content-type": "multipart/form-data; boundary=----WebKitFormBoundaryXftg4py1pT2IMniA",
      "accept": "*/*",
      "cookie": "b=456d02ee73a4cb72a8b16a1ebc4b4cd8; x=456d02ee73a4cb72a8b16a1ebc4b4cd8.1713760650",
      "origin": "https://slack.com"
    }
  },
  {
    "pageUrl": "https://slack.com/signin#/signin",
    "url": "https://slack.com/beacon/timing?ver=noversion&session_age=6&session_id=ba936f45-129b-4d31-bf3e-75081064dfb7&sub_app_name=legacy&data=page_get_started_load%7Ctiming%3A1131.5",
    "method": "GET",
    "headers": {
      "sec-ch-ua": "\"Chromium\";v=\"123\", \"Not:A-Brand\";v=\"8\"",
      "cache-control": "max-age=0",
      "referer": "https://slack.com/signin",
      "sec-ch-ua-mobile": "?0",
      "user-agent": "Mozilla/5.0 (X11; Linux x86_64) AppleWebKit/537.36 (KHTML, like Gecko) Chrome/123.0.0.0 Safari/537.36",
      "sec-ch-ua-platform": "\"Linux\"",
      "accept": "*/*",
      "cookie": "b=456d02ee73a4cb72a8b16a1ebc4b4cd8; x=456d02ee73a4cb72a8b16a1ebc4b4cd8.1713760650"
    }
  },
  {
    "pageUrl": "https://slack.com/workspace-signin",
    "url": "https://slack.com/beacon/timing?data=ERROR%20caught%20in%20js%2Finline%2Fregister_global_error_handler%20-%20%5Berror%5D%20from%20script%20at%20https%3A%2F%2Fcdn.cookielaw.org%2Fscripttemplates%2FotSDKStub.js%20(failed%20to%20load%3F)%3A1",
    "method": "POST",
    "headers": {
      "sec-ch-ua": "\"Chromium\";v=\"123\", \"Not:A-Brand\";v=\"8\"",
      "sec-ch-ua-platform": "\"Linux\"",
      "referer": "",
      "sec-ch-ua-mobile": "?0",
      "user-agent": "Mozilla/5.0 (X11; Linux x86_64) AppleWebKit/537.36 (KHTML, like Gecko) Chrome/123.0.0.0 Safari/537.36",
      "content-type": "text/plain;charset=UTF-8",
      "accept": "*/*",
      "cookie": "b=456d02ee73a4cb72a8b16a1ebc4b4cd8; x=456d02ee73a4cb72a8b16a1ebc4b4cd8.1713760650",
      "origin": "https://slack.com"
    }
  },
  {
    "pageUrl": "https://slack.com/workspace-signin",
    "url": "https://www.googletagmanager.com/gtm.js?id=GTM-KH2LPK",
    "method": "GET",
    "headers": {
      "sec-ch-ua": "\"Chromium\";v=\"123\", \"Not:A-Brand\";v=\"8\"",
      "referer": "",
      "sec-ch-ua-mobile": "?0",
      "user-agent": "Mozilla/5.0 (X11; Linux x86_64) AppleWebKit/537.36 (KHTML, like Gecko) Chrome/123.0.0.0 Safari/537.36",
      "sec-ch-ua-platform": "\"Linux\"",
      "accept": "*/*"
    }
  },
  {
    "pageUrl": "https://slack.com/workspace-signin",
    "url": "https://slack.com/beacon/track/?d=eyJ0aW1lIjoxNzEzNzYwNjU5NzEzLCJldmVudCI6InBhZ2V2aWV3IiwidG9rZW4iOiIzMzA3ZjQzNjk2M2UwMmQ0ZjllYjg1Y2U1MTU5NzQ0YyIsInVybCI6Imh0dHBzOi8vc2xhY2suY29tL3dvcmtzcGFjZS1zaWduaW4ifQ%3D%3D",
    "method": "GET",
    "headers": {
      "sec-ch-ua": "\"Chromium\";v=\"123\", \"Not:A-Brand\";v=\"8\"",
      "referer": "https://slack.com/workspace-signin",
      "sec-ch-ua-mobile": "?0",
      "user-agent": "Mozilla/5.0 (X11; Linux x86_64) AppleWebKit/537.36 (KHTML, like Gecko) Chrome/123.0.0.0 Safari/537.36",
      "sec-ch-ua-platform": "\"Linux\"",
      "accept": "image/avif,image/webp,image/apng,image/svg+xml,image/*,*/*;q=0.8",
      "cookie": "b=456d02ee73a4cb72a8b16a1ebc4b4cd8; x=456d02ee73a4cb72a8b16a1ebc4b4cd8.1713760650"
    }
  },
  {
    "pageUrl": "https://slack.com/workspace-signin",
    "url": "https://slack.com/clog/track/",
    "method": "POST",
    "headers": {
      "sec-ch-ua": "\"Chromium\";v=\"123\", \"Not:A-Brand\";v=\"8\"",
      "sec-ch-ua-platform": "\"Linux\"",
      "referer": "https://slack.com/workspace-signin",
      "sec-ch-ua-mobile": "?0",
      "user-agent": "Mozilla/5.0 (X11; Linux x86_64) AppleWebKit/537.36 (KHTML, like Gecko) Chrome/123.0.0.0 Safari/537.36",
      "content-type": "multipart/form-data; boundary=----WebKitFormBoundarynMOzfA8KRhcBEuWO",
      "accept": "*/*",
      "cookie": "b=456d02ee73a4cb72a8b16a1ebc4b4cd8; x=456d02ee73a4cb72a8b16a1ebc4b4cd8.1713760650",
      "origin": "https://slack.com"
    }
  },
  {
    "pageUrl": "https://slack.com/workspace-signin",
    "url": "https://www.googletagmanager.com/gtm.js?id=GTM-KH2LPK",
    "method": "GET",
    "headers": {
      "sec-ch-ua": "\"Chromium\";v=\"123\", \"Not:A-Brand\";v=\"8\"",
      "referer": "",
      "sec-ch-ua-mobile": "?0",
      "user-agent": "Mozilla/5.0 (X11; Linux x86_64) AppleWebKit/537.36 (KHTML, like Gecko) Chrome/123.0.0.0 Safari/537.36",
      "sec-ch-ua-platform": "\"Linux\"",
      "accept": "*/*"
    }
  },
  {
    "pageUrl": "https://slack.com/workspace-signin",
    "url": "https://slack.com/beacon/timing?data=ERROR%20caught%20in%20js%2Finline%2Fregister_global_error_handler%20-%20%5Berror%5D%20from%20script%20at%20https%3A%2F%2Fcdn.cookielaw.org%2Fscripttemplates%2FotSDKStub.js%20(failed%20to%20load%3F)%3A1",
    "method": "POST",
    "headers": {
      "sec-ch-ua": "\"Chromium\";v=\"123\", \"Not:A-Brand\";v=\"8\"",
      "sec-ch-ua-platform": "\"Linux\"",
      "referer": "",
      "sec-ch-ua-mobile": "?0",
      "user-agent": "Mozilla/5.0 (X11; Linux x86_64) AppleWebKit/537.36 (KHTML, like Gecko) Chrome/123.0.0.0 Safari/537.36",
      "content-type": "text/plain;charset=UTF-8",
      "accept": "*/*",
      "cookie": "b=456d02ee73a4cb72a8b16a1ebc4b4cd8; x=456d02ee73a4cb72a8b16a1ebc4b4cd8.1713760650",
      "origin": "https://slack.com"
    }
  },
  {
    "pageUrl": "https://slack.com/workspace-signin",
    "url": "https://slack.com/beacon/track/?d=eyJ0aW1lIjoxNzEzNzYwNjYyMTcwLCJldmVudCI6InBhZ2V2aWV3IiwidG9rZW4iOiIzMzA3ZjQzNjk2M2UwMmQ0ZjllYjg1Y2U1MTU5NzQ0YyIsInVybCI6Imh0dHBzOi8vc2xhY2suY29tL3dvcmtzcGFjZS1zaWduaW4ifQ%3D%3D",
    "method": "GET",
    "headers": {
      "sec-ch-ua": "\"Chromium\";v=\"123\", \"Not:A-Brand\";v=\"8\"",
      "referer": "https://slack.com/workspace-signin",
      "sec-ch-ua-mobile": "?0",
      "user-agent": "Mozilla/5.0 (X11; Linux x86_64) AppleWebKit/537.36 (KHTML, like Gecko) Chrome/123.0.0.0 Safari/537.36",
      "sec-ch-ua-platform": "\"Linux\"",
      "accept": "image/avif,image/webp,image/apng,image/svg+xml,image/*,*/*;q=0.8",
      "cookie": "b=456d02ee73a4cb72a8b16a1ebc4b4cd8; x=456d02ee73a4cb72a8b16a1ebc4b4cd8.1713760650"
    }
  },
  {
    "pageUrl": "https://slack.com/workspace-signin",
    "url": "https://slack.com/clog/track/",
    "method": "POST",
    "headers": {
      "sec-ch-ua": "\"Chromium\";v=\"123\", \"Not:A-Brand\";v=\"8\"",
      "sec-ch-ua-platform": "\"Linux\"",
      "referer": "https://slack.com/workspace-signin",
      "sec-ch-ua-mobile": "?0",
      "user-agent": "Mozilla/5.0 (X11; Linux x86_64) AppleWebKit/537.36 (KHTML, like Gecko) Chrome/123.0.0.0 Safari/537.36",
      "content-type": "multipart/form-data; boundary=----WebKitFormBoundarycfehxlosRbeKkJye",
      "accept": "*/*",
      "cookie": "b=456d02ee73a4cb72a8b16a1ebc4b4cd8; x=456d02ee73a4cb72a8b16a1ebc4b4cd8.1713760650",
      "origin": "https://slack.com"
    }
  },
  {
    "pageUrl": "https://slack.com/get-started#/create",
    "url": "https://www.googletagmanager.com/gtm.js?id=GTM-KH2LPK",
    "method": "GET",
    "headers": {
      "sec-ch-ua": "\"Chromium\";v=\"123\", \"Not:A-Brand\";v=\"8\"",
      "referer": "",
      "sec-ch-ua-mobile": "?0",
      "user-agent": "Mozilla/5.0 (X11; Linux x86_64) AppleWebKit/537.36 (KHTML, like Gecko) Chrome/123.0.0.0 Safari/537.36",
      "sec-ch-ua-platform": "\"Linux\"",
      "accept": "*/*"
    }
  },
  {
    "pageUrl": "https://slack.com/get-started#/create",
    "url": "https://slack.com/beacon/timing?data=ERROR%20caught%20in%20js%2Finline%2Fregister_global_error_handler%20-%20%5Berror%5D%20from%20script%20at%20https%3A%2F%2Fcdn.cookielaw.org%2Fscripttemplates%2FotSDKStub.js%20(failed%20to%20load%3F)%3A1",
    "method": "POST",
    "headers": {
      "sec-ch-ua": "\"Chromium\";v=\"123\", \"Not:A-Brand\";v=\"8\"",
      "sec-ch-ua-platform": "\"Linux\"",
      "referer": "",
      "sec-ch-ua-mobile": "?0",
      "user-agent": "Mozilla/5.0 (X11; Linux x86_64) AppleWebKit/537.36 (KHTML, like Gecko) Chrome/123.0.0.0 Safari/537.36",
      "content-type": "text/plain;charset=UTF-8",
      "accept": "*/*",
      "cookie": "b=456d02ee73a4cb72a8b16a1ebc4b4cd8; x=456d02ee73a4cb72a8b16a1ebc4b4cd8.1713760650",
      "origin": "https://slack.com"
    }
  },
  {
    "pageUrl": "https://slack.com/get-started#/create",
    "url": "https://slack.com/beacon/track/?d=eyJ0aW1lIjoxNzEzNzYwNjY1NzcyLCJldmVudCI6InBhZ2V2aWV3IiwidG9rZW4iOiIzMzA3ZjQzNjk2M2UwMmQ0ZjllYjg1Y2U1MTU5NzQ0YyIsInVybCI6Imh0dHBzOi8vc2xhY2suY29tL2dldC1zdGFydGVkIy9jcmVhdGUifQ%3D%3D",
    "method": "GET",
    "headers": {
      "sec-ch-ua": "\"Chromium\";v=\"123\", \"Not:A-Brand\";v=\"8\"",
      "referer": "https://slack.com/get-started",
      "sec-ch-ua-mobile": "?0",
      "user-agent": "Mozilla/5.0 (X11; Linux x86_64) AppleWebKit/537.36 (KHTML, like Gecko) Chrome/123.0.0.0 Safari/537.36",
      "sec-ch-ua-platform": "\"Linux\"",
      "accept": "image/avif,image/webp,image/apng,image/svg+xml,image/*,*/*;q=0.8",
      "cookie": "b=456d02ee73a4cb72a8b16a1ebc4b4cd8; x=456d02ee73a4cb72a8b16a1ebc4b4cd8.1713760650"
    }
  },
  {
    "pageUrl": "https://slack.com/get-started#/confirmemail",
    "url": "https://slack.com/clog/track/",
    "method": "POST",
    "headers": {
      "sec-ch-ua": "\"Chromium\";v=\"123\", \"Not:A-Brand\";v=\"8\"",
      "sec-ch-ua-platform": "\"Linux\"",
      "referer": "https://slack.com/get-started",
      "sec-ch-ua-mobile": "?0",
      "user-agent": "Mozilla/5.0 (X11; Linux x86_64) AppleWebKit/537.36 (KHTML, like Gecko) Chrome/123.0.0.0 Safari/537.36",
      "content-type": "multipart/form-data; boundary=----WebKitFormBoundaryc79R91drKCeGvwhF",
      "accept": "*/*",
      "cookie": "b=456d02ee73a4cb72a8b16a1ebc4b4cd8; x=456d02ee73a4cb72a8b16a1ebc4b4cd8.1713760650; d=xoxd-hL13VvGr6xb%2BK7IwB64ElboiLrddcX8uJ5mV%2Fz37xrScy43gkvfqtevVz68FOhoQdNZgVC3VR9T2vUXF2QD%2FNOkpLrGpHZmqxuTZVWPXsuHmYuasSzkqHa6F8rgDSSIGIUrkdnoL4zMXHvC%2FzFj9Z6uEdGZNTUJkqkA%2Bcr7oGs7my2bcLcecStD2iL5H5ZSPckasLvwnBc0%3D; lc=1713760678; d-s=1713760678",
      "origin": "https://slack.com"
    }
  },
  {
    "pageUrl": "https://slack.com/get-started#/confirmemail",
    "url": "https://slack.com/clog/track/",
    "method": "POST",
    "headers": {
      "sec-ch-ua": "\"Chromium\";v=\"123\", \"Not:A-Brand\";v=\"8\"",
      "sec-ch-ua-platform": "\"Linux\"",
      "referer": "https://slack.com/get-started",
      "sec-ch-ua-mobile": "?0",
      "user-agent": "Mozilla/5.0 (X11; Linux x86_64) AppleWebKit/537.36 (KHTML, like Gecko) Chrome/123.0.0.0 Safari/537.36",
      "content-type": "multipart/form-data; boundary=----WebKitFormBoundaryPblr6qKYiinQMBHW",
      "accept": "*/*",
      "cookie": "b=456d02ee73a4cb72a8b16a1ebc4b4cd8; x=456d02ee73a4cb72a8b16a1ebc4b4cd8.1713760650; d=xoxd-hL13VvGr6xb%2BK7IwB64ElboiLrddcX8uJ5mV%2Fz37xrScy43gkvfqtevVz68FOhoQdNZgVC3VR9T2vUXF2QD%2FNOkpLrGpHZmqxuTZVWPXsuHmYuasSzkqHa6F8rgDSSIGIUrkdnoL4zMXHvC%2FzFj9Z6uEdGZNTUJkqkA%2Bcr7oGs7my2bcLcecStD2iL5H5ZSPckasLvwnBc0%3D; lc=1713760678; d-s=1713760678",
      "origin": "https://slack.com"
    }
  },
  {
    "pageUrl": "https://slack.com/get-started#/confirmemail",
    "url": "https://slack.com/beacon/timing?ver=noversion&session_age=13&session_id=2cae73a6-cebb-40e8-9292-2f11f7b70e19&sub_app_name=legacy&data=page_get_started_load%7Ctiming%3A375.7",
    "method": "GET",
    "headers": {
      "sec-ch-ua": "\"Chromium\";v=\"123\", \"Not:A-Brand\";v=\"8\"",
      "referer": "https://slack.com/get-started",
      "sec-ch-ua-mobile": "?0",
      "user-agent": "Mozilla/5.0 (X11; Linux x86_64) AppleWebKit/537.36 (KHTML, like Gecko) Chrome/123.0.0.0 Safari/537.36",
      "sec-ch-ua-platform": "\"Linux\"",
      "accept": "image/avif,image/webp,image/apng,image/svg+xml,image/*,*/*;q=0.8",
      "cookie": "b=456d02ee73a4cb72a8b16a1ebc4b4cd8; x=456d02ee73a4cb72a8b16a1ebc4b4cd8.1713760650; d=xoxd-hL13VvGr6xb%2BK7IwB64ElboiLrddcX8uJ5mV%2Fz37xrScy43gkvfqtevVz68FOhoQdNZgVC3VR9T2vUXF2QD%2FNOkpLrGpHZmqxuTZVWPXsuHmYuasSzkqHa6F8rgDSSIGIUrkdnoL4zMXHvC%2FzFj9Z6uEdGZNTUJkqkA%2Bcr7oGs7my2bcLcecStD2iL5H5ZSPckasLvwnBc0%3D; lc=1713760678; d-s=1713760678"
    }
  },
  {
    "pageUrl": "https://app.slack.com/client/T06VC4Y3SAX",
    "url": "https://slack.com/beacon/timing?sub_app_name=client&data=auth_stale%7Ccount%3A1",
    "method": "GET",
    "headers": {
      "sec-ch-ua": "\"Chromium\";v=\"123\", \"Not:A-Brand\";v=\"8\"",
      "referer": "",
      "sec-ch-ua-mobile": "?0",
      "user-agent": "Mozilla/5.0 (X11; Linux x86_64) AppleWebKit/537.36 (KHTML, like Gecko) Chrome/123.0.0.0 Safari/537.36",
      "sec-ch-ua-platform": "\"Linux\"",
      "accept": "*/*"
    }
  },
  {
    "pageUrl": "https://app.slack.com/client/T06VC4Y3SAX",
    "url": "https://slack.com/beacon/timing?sub_app_name=client&data=auth_fetch%7Ccount%3A1",
    "method": "GET",
    "headers": {
      "sec-ch-ua": "\"Chromium\";v=\"123\", \"Not:A-Brand\";v=\"8\"",
      "referer": "",
      "sec-ch-ua-mobile": "?0",
      "user-agent": "Mozilla/5.0 (X11; Linux x86_64) AppleWebKit/537.36 (KHTML, like Gecko) Chrome/123.0.0.0 Safari/537.36",
      "sec-ch-ua-platform": "\"Linux\"",
      "accept": "*/*"
    }
  },
  {
    "pageUrl": "https://app.slack.com/client/T06VC4Y3SAX",
    "url": "https://slack.com/beacon/timing?sub_app_name=client&data=auth_fetch_users_changed%7Ccount%3A1",
    "method": "GET",
    "headers": {
      "sec-ch-ua": "\"Chromium\";v=\"123\", \"Not:A-Brand\";v=\"8\"",
      "referer": "",
      "sec-ch-ua-mobile": "?0",
      "user-agent": "Mozilla/5.0 (X11; Linux x86_64) AppleWebKit/537.36 (KHTML, like Gecko) Chrome/123.0.0.0 Safari/537.36",
      "sec-ch-ua-platform": "\"Linux\"",
      "accept": "*/*"
    }
  },
  {
    "pageUrl": "https://app.slack.com/client/T06VC4Y3SAX",
    "url": "https://slack.com/beacon/timing?sub_app_name=client&data=auth_fetch_added%7Ccount%3A1",
    "method": "GET",
    "headers": {
      "sec-ch-ua": "\"Chromium\";v=\"123\", \"Not:A-Brand\";v=\"8\"",
      "referer": "",
      "sec-ch-ua-mobile": "?0",
      "user-agent": "Mozilla/5.0 (X11; Linux x86_64) AppleWebKit/537.36 (KHTML, like Gecko) Chrome/123.0.0.0 Safari/537.36",
      "sec-ch-ua-platform": "\"Linux\"",
      "accept": "*/*"
    }
  },
  {
    "pageUrl": "https://app.slack.com/client/T06VC4Y3SAX",
    "url": "https://slack.com/beacon/timing?sub_app_name=client&data=lc_ingest%7Ccount%3A1",
    "method": "GET",
    "headers": {
      "sec-ch-ua": "\"Chromium\";v=\"123\", \"Not:A-Brand\";v=\"8\"",
      "referer": "",
      "sec-ch-ua-mobile": "?0",
      "user-agent": "Mozilla/5.0 (X11; Linux x86_64) AppleWebKit/537.36 (KHTML, like Gecko) Chrome/123.0.0.0 Safari/537.36",
      "sec-ch-ua-platform": "\"Linux\"",
      "accept": "*/*"
    }
  },
  {
    "pageUrl": "https://app.slack.com/client/T06VC4Y3SAX",
    "url": "https://slackb.com/traces/v1/list_of_spans/json",
    "method": "POST",
    "headers": {
      "sec-ch-ua": "\"Chromium\";v=\"123\", \"Not:A-Brand\";v=\"8\"",
      "sec-ch-ua-platform": "\"Linux\"",
      "referer": "",
      "sec-ch-ua-mobile": "?0",
      "user-agent": "Mozilla/5.0 (X11; Linux x86_64) AppleWebKit/537.36 (KHTML, like Gecko) Chrome/123.0.0.0 Safari/537.36",
      "content-type": "text/plain;charset=UTF-8",
      "accept": "*/*",
      "origin": "https://app.slack.com"
    }
  },
  {
    "pageUrl": "https://app.slack.com/client/T06VC4Y3SAX",
    "url": "https://slackb.com/traces/v1/list_of_spans/json",
    "method": "POST",
    "headers": {
      "sec-ch-ua": "\"Chromium\";v=\"123\", \"Not:A-Brand\";v=\"8\"",
      "sec-ch-ua-platform": "\"Linux\"",
      "referer": "",
      "sec-ch-ua-mobile": "?0",
      "user-agent": "Mozilla/5.0 (X11; Linux x86_64) AppleWebKit/537.36 (KHTML, like Gecko) Chrome/123.0.0.0 Safari/537.36",
      "content-type": "text/plain;charset=UTF-8",
      "accept": "*/*",
      "origin": "https://app.slack.com"
    }
  },
  {
    "pageUrl": "https://app.slack.com/client/T06VC4Y3SAX",
    "url": "https://slackb.com/traces/v1/list_of_spans/json",
    "method": "POST",
    "headers": {
      "sec-ch-ua": "\"Chromium\";v=\"123\", \"Not:A-Brand\";v=\"8\"",
      "sec-ch-ua-platform": "\"Linux\"",
      "referer": "",
      "sec-ch-ua-mobile": "?0",
      "user-agent": "Mozilla/5.0 (X11; Linux x86_64) AppleWebKit/537.36 (KHTML, like Gecko) Chrome/123.0.0.0 Safari/537.36",
      "content-type": "text/plain;charset=UTF-8",
      "accept": "*/*",
      "origin": "https://app.slack.com"
    }
  },
  {
    "pageUrl": "https://app.slack.com/client/T06VC4Y3SAX",
    "url": "https://slackb.com/traces/v1/list_of_spans/json",
    "method": "POST",
    "headers": {
      "sec-ch-ua": "\"Chromium\";v=\"123\", \"Not:A-Brand\";v=\"8\"",
      "sec-ch-ua-platform": "\"Linux\"",
      "referer": "",
      "sec-ch-ua-mobile": "?0",
      "user-agent": "Mozilla/5.0 (X11; Linux x86_64) AppleWebKit/537.36 (KHTML, like Gecko) Chrome/123.0.0.0 Safari/537.36",
      "content-type": "text/plain;charset=UTF-8",
      "accept": "*/*",
      "origin": "https://app.slack.com"
    }
  },
  {
    "pageUrl": "https://app.slack.com/client/T06VC4Y3SAX",
    "url": "https://slackb.com/traces/v1/list_of_spans/json",
    "method": "POST",
    "headers": {
      "sec-ch-ua": "\"Chromium\";v=\"123\", \"Not:A-Brand\";v=\"8\"",
      "sec-ch-ua-platform": "\"Linux\"",
      "referer": "",
      "sec-ch-ua-mobile": "?0",
      "user-agent": "Mozilla/5.0 (X11; Linux x86_64) AppleWebKit/537.36 (KHTML, like Gecko) Chrome/123.0.0.0 Safari/537.36",
      "content-type": "text/plain;charset=UTF-8",
      "accept": "*/*",
      "origin": "https://app.slack.com"
    }
  },
  {
    "pageUrl": "https://app.slack.com/client/T06VC4Y3SAX",
    "url": "https://slackb.com/traces/v1/list_of_spans/json",
    "method": "POST",
    "headers": {
      "sec-ch-ua": "\"Chromium\";v=\"123\", \"Not:A-Brand\";v=\"8\"",
      "sec-ch-ua-platform": "\"Linux\"",
      "referer": "",
      "sec-ch-ua-mobile": "?0",
      "user-agent": "Mozilla/5.0 (X11; Linux x86_64) AppleWebKit/537.36 (KHTML, like Gecko) Chrome/123.0.0.0 Safari/537.36",
      "content-type": "text/plain;charset=UTF-8",
      "accept": "*/*",
      "origin": "https://app.slack.com"
    }
  },
  {
    "pageUrl": "https://app.slack.com/client/T06VC4Y3SAX",
    "url": "https://slackb.com/traces/v1/list_of_spans/json",
    "method": "POST",
    "headers": {
      "sec-ch-ua": "\"Chromium\";v=\"123\", \"Not:A-Brand\";v=\"8\"",
      "sec-ch-ua-platform": "\"Linux\"",
      "referer": "",
      "sec-ch-ua-mobile": "?0",
      "user-agent": "Mozilla/5.0 (X11; Linux x86_64) AppleWebKit/537.36 (KHTML, like Gecko) Chrome/123.0.0.0 Safari/537.36",
      "content-type": "text/plain;charset=UTF-8",
      "accept": "*/*",
      "origin": "https://app.slack.com"
    }
  },
  {
    "pageUrl": "https://app.slack.com/client/T06VC4Y3SAX",
    "url": "https://slackb.com/traces/v1/list_of_spans/json",
    "method": "POST",
    "headers": {
      "sec-ch-ua": "\"Chromium\";v=\"123\", \"Not:A-Brand\";v=\"8\"",
      "sec-ch-ua-platform": "\"Linux\"",
      "referer": "",
      "sec-ch-ua-mobile": "?0",
      "user-agent": "Mozilla/5.0 (X11; Linux x86_64) AppleWebKit/537.36 (KHTML, like Gecko) Chrome/123.0.0.0 Safari/537.36",
      "content-type": "text/plain;charset=UTF-8",
      "accept": "*/*",
      "origin": "https://app.slack.com"
    }
  },
  {
    "pageUrl": "https://app.slack.com/client/T06VC4Y3SAX",
    "url": "https://slackb.com/traces/v1/list_of_spans/json",
    "method": "POST",
    "headers": {
      "sec-ch-ua": "\"Chromium\";v=\"123\", \"Not:A-Brand\";v=\"8\"",
      "sec-ch-ua-platform": "\"Linux\"",
      "referer": "",
      "sec-ch-ua-mobile": "?0",
      "user-agent": "Mozilla/5.0 (X11; Linux x86_64) AppleWebKit/537.36 (KHTML, like Gecko) Chrome/123.0.0.0 Safari/537.36",
      "content-type": "text/plain;charset=UTF-8",
      "accept": "*/*",
      "origin": "https://app.slack.com"
    }
  },
  {
    "pageUrl": "https://app.slack.com/client/T06VC4Y3SAX",
    "url": "https://slackb.com/traces/v1/list_of_spans/json",
    "method": "POST",
    "headers": {
      "sec-ch-ua": "\"Chromium\";v=\"123\", \"Not:A-Brand\";v=\"8\"",
      "sec-ch-ua-platform": "\"Linux\"",
      "referer": "",
      "sec-ch-ua-mobile": "?0",
      "user-agent": "Mozilla/5.0 (X11; Linux x86_64) AppleWebKit/537.36 (KHTML, like Gecko) Chrome/123.0.0.0 Safari/537.36",
      "content-type": "text/plain;charset=UTF-8",
      "accept": "*/*",
      "origin": "https://app.slack.com"
    }
  },
  {
    "pageUrl": "https://app.slack.com/client/T06VC4Y3SAX",
    "url": "https://slackb.com/traces/v1/list_of_spans/json",
    "method": "POST",
    "headers": {
      "sec-ch-ua": "\"Chromium\";v=\"123\", \"Not:A-Brand\";v=\"8\"",
      "sec-ch-ua-platform": "\"Linux\"",
      "referer": "",
      "sec-ch-ua-mobile": "?0",
      "user-agent": "Mozilla/5.0 (X11; Linux x86_64) AppleWebKit/537.36 (KHTML, like Gecko) Chrome/123.0.0.0 Safari/537.36",
      "content-type": "text/plain;charset=UTF-8",
      "accept": "*/*",
      "origin": "https://app.slack.com"
    }
  },
  {
    "pageUrl": "https://app.slack.com/client/T06VC4Y3SAX",
    "url": "https://slackb.com/traces/v1/list_of_spans/json",
    "method": "POST",
    "headers": {
      "sec-ch-ua": "\"Chromium\";v=\"123\", \"Not:A-Brand\";v=\"8\"",
      "sec-ch-ua-platform": "\"Linux\"",
      "referer": "",
      "sec-ch-ua-mobile": "?0",
      "user-agent": "Mozilla/5.0 (X11; Linux x86_64) AppleWebKit/537.36 (KHTML, like Gecko) Chrome/123.0.0.0 Safari/537.36",
      "content-type": "text/plain;charset=UTF-8",
      "accept": "*/*",
      "origin": "https://app.slack.com"
    }
  },
  {
    "pageUrl": "https://app.slack.com/client/T06VC4Y3SAX",
    "url": "https://slackb.com/traces/v1/list_of_spans/json",
    "method": "POST",
    "headers": {
      "sec-ch-ua": "\"Chromium\";v=\"123\", \"Not:A-Brand\";v=\"8\"",
      "sec-ch-ua-platform": "\"Linux\"",
      "referer": "",
      "sec-ch-ua-mobile": "?0",
      "user-agent": "Mozilla/5.0 (X11; Linux x86_64) AppleWebKit/537.36 (KHTML, like Gecko) Chrome/123.0.0.0 Safari/537.36",
      "content-type": "text/plain;charset=UTF-8",
      "accept": "*/*",
      "origin": "https://app.slack.com"
    }
  },
  {
    "pageUrl": "https://app.slack.com/client/T06VC4Y3SAX",
    "url": "https://slackb.com/traces/v1/list_of_spans/json",
    "method": "POST",
    "headers": {
      "sec-ch-ua": "\"Chromium\";v=\"123\", \"Not:A-Brand\";v=\"8\"",
      "sec-ch-ua-platform": "\"Linux\"",
      "referer": "",
      "sec-ch-ua-mobile": "?0",
      "user-agent": "Mozilla/5.0 (X11; Linux x86_64) AppleWebKit/537.36 (KHTML, like Gecko) Chrome/123.0.0.0 Safari/537.36",
      "content-type": "text/plain;charset=UTF-8",
      "accept": "*/*",
      "origin": "https://app.slack.com"
    }
  },
  {
    "pageUrl": "https://app.slack.com/client/T06VC4Y3SAX",
    "url": "https://slackb.com/traces/v1/list_of_spans/json",
    "method": "POST",
    "headers": {
      "sec-ch-ua": "\"Chromium\";v=\"123\", \"Not:A-Brand\";v=\"8\"",
      "sec-ch-ua-platform": "\"Linux\"",
      "referer": "",
      "sec-ch-ua-mobile": "?0",
      "user-agent": "Mozilla/5.0 (X11; Linux x86_64) AppleWebKit/537.36 (KHTML, like Gecko) Chrome/123.0.0.0 Safari/537.36",
      "content-type": "text/plain;charset=UTF-8",
      "accept": "*/*",
      "origin": "https://app.slack.com"
    }
  },
  {
    "pageUrl": "https://app.slack.com/client/T06VC4Y3SAX",
    "url": "https://slackb.com/traces/v1/list_of_spans/json",
    "method": "POST",
    "headers": {
      "sec-ch-ua": "\"Chromium\";v=\"123\", \"Not:A-Brand\";v=\"8\"",
      "sec-ch-ua-platform": "\"Linux\"",
      "referer": "",
      "sec-ch-ua-mobile": "?0",
      "user-agent": "Mozilla/5.0 (X11; Linux x86_64) AppleWebKit/537.36 (KHTML, like Gecko) Chrome/123.0.0.0 Safari/537.36",
      "content-type": "text/plain;charset=UTF-8",
      "accept": "*/*",
      "origin": "https://app.slack.com"
    }
  },
  {
    "pageUrl": "https://app.slack.com/client/T06VC4Y3SAX",
    "url": "https://slackb.com/traces/v1/list_of_spans/json",
    "method": "POST",
    "headers": {
      "sec-ch-ua": "\"Chromium\";v=\"123\", \"Not:A-Brand\";v=\"8\"",
      "sec-ch-ua-platform": "\"Linux\"",
      "referer": "",
      "sec-ch-ua-mobile": "?0",
      "user-agent": "Mozilla/5.0 (X11; Linux x86_64) AppleWebKit/537.36 (KHTML, like Gecko) Chrome/123.0.0.0 Safari/537.36",
      "content-type": "text/plain;charset=UTF-8",
      "accept": "*/*",
      "origin": "https://app.slack.com"
    }
  },
  {
    "pageUrl": "https://app.slack.com/client/T06VC4Y3SAX",
    "url": "https://slackb.com/traces/v1/list_of_spans/json",
    "method": "POST",
    "headers": {
      "sec-ch-ua": "\"Chromium\";v=\"123\", \"Not:A-Brand\";v=\"8\"",
      "sec-ch-ua-platform": "\"Linux\"",
      "referer": "",
      "sec-ch-ua-mobile": "?0",
      "user-agent": "Mozilla/5.0 (X11; Linux x86_64) AppleWebKit/537.36 (KHTML, like Gecko) Chrome/123.0.0.0 Safari/537.36",
      "content-type": "text/plain;charset=UTF-8",
      "accept": "*/*",
      "origin": "https://app.slack.com"
    }
  },
  {
    "pageUrl": "https://app.slack.com/client/T06VC4Y3SAX",
    "url": "https://slackb.com/traces/v1/list_of_spans/json",
    "method": "POST",
    "headers": {
      "sec-ch-ua": "\"Chromium\";v=\"123\", \"Not:A-Brand\";v=\"8\"",
      "sec-ch-ua-platform": "\"Linux\"",
      "referer": "",
      "sec-ch-ua-mobile": "?0",
      "user-agent": "Mozilla/5.0 (X11; Linux x86_64) AppleWebKit/537.36 (KHTML, like Gecko) Chrome/123.0.0.0 Safari/537.36",
      "content-type": "text/plain;charset=UTF-8",
      "accept": "*/*",
      "origin": "https://app.slack.com"
    }
  },
  {
    "pageUrl": "https://app.slack.com/client/T06VC4Y3SAX",
    "url": "https://slackb.com/traces/v1/list_of_spans/json",
    "method": "POST",
    "headers": {
      "sec-ch-ua": "\"Chromium\";v=\"123\", \"Not:A-Brand\";v=\"8\"",
      "sec-ch-ua-platform": "\"Linux\"",
      "referer": "",
      "sec-ch-ua-mobile": "?0",
      "user-agent": "Mozilla/5.0 (X11; Linux x86_64) AppleWebKit/537.36 (KHTML, like Gecko) Chrome/123.0.0.0 Safari/537.36",
      "content-type": "text/plain;charset=UTF-8",
      "accept": "*/*",
      "origin": "https://app.slack.com"
    }
  },
  {
    "pageUrl": "https://app.slack.com/client/T06VC4Y3SAX",
    "url": "https://slackb.com/traces/v1/list_of_spans/json",
    "method": "POST",
    "headers": {
      "sec-ch-ua": "\"Chromium\";v=\"123\", \"Not:A-Brand\";v=\"8\"",
      "sec-ch-ua-platform": "\"Linux\"",
      "referer": "",
      "sec-ch-ua-mobile": "?0",
      "user-agent": "Mozilla/5.0 (X11; Linux x86_64) AppleWebKit/537.36 (KHTML, like Gecko) Chrome/123.0.0.0 Safari/537.36",
      "content-type": "text/plain;charset=UTF-8",
      "accept": "*/*",
      "origin": "https://app.slack.com"
    }
  },
  {
    "pageUrl": "https://app.slack.com/client/T06VC4Y3SAX",
    "url": "https://slackb.com/traces/v1/list_of_spans/json",
    "method": "POST",
    "headers": {
      "sec-ch-ua": "\"Chromium\";v=\"123\", \"Not:A-Brand\";v=\"8\"",
      "sec-ch-ua-platform": "\"Linux\"",
      "referer": "",
      "sec-ch-ua-mobile": "?0",
      "user-agent": "Mozilla/5.0 (X11; Linux x86_64) AppleWebKit/537.36 (KHTML, like Gecko) Chrome/123.0.0.0 Safari/537.36",
      "content-type": "text/plain;charset=UTF-8",
      "accept": "*/*",
      "origin": "https://app.slack.com"
    }
  },
  {
    "pageUrl": "https://app.slack.com/client/T06VC4Y3SAX",
    "url": "https://slackb.com/traces/v1/list_of_spans/json",
    "method": "POST",
    "headers": {
      "sec-ch-ua": "\"Chromium\";v=\"123\", \"Not:A-Brand\";v=\"8\"",
      "sec-ch-ua-platform": "\"Linux\"",
      "referer": "",
      "sec-ch-ua-mobile": "?0",
      "user-agent": "Mozilla/5.0 (X11; Linux x86_64) AppleWebKit/537.36 (KHTML, like Gecko) Chrome/123.0.0.0 Safari/537.36",
      "content-type": "text/plain;charset=UTF-8",
      "accept": "*/*",
      "origin": "https://app.slack.com"
    }
  },
  {
    "pageUrl": "https://app.slack.com/client/T06VC4Y3SAX",
    "url": "https://slackb.com/traces/v1/list_of_spans/json",
    "method": "POST",
    "headers": {
      "sec-ch-ua": "\"Chromium\";v=\"123\", \"Not:A-Brand\";v=\"8\"",
      "sec-ch-ua-platform": "\"Linux\"",
      "referer": "",
      "sec-ch-ua-mobile": "?0",
      "user-agent": "Mozilla/5.0 (X11; Linux x86_64) AppleWebKit/537.36 (KHTML, like Gecko) Chrome/123.0.0.0 Safari/537.36",
      "content-type": "text/plain;charset=UTF-8",
      "accept": "*/*",
      "origin": "https://app.slack.com"
    }
  },
  {
    "pageUrl": "https://app.slack.com/client/T06VC4Y3SAX",
    "url": "https://slackb.com/traces/v1/list_of_spans/json",
    "method": "POST",
    "headers": {
      "sec-ch-ua": "\"Chromium\";v=\"123\", \"Not:A-Brand\";v=\"8\"",
      "sec-ch-ua-platform": "\"Linux\"",
      "referer": "",
      "sec-ch-ua-mobile": "?0",
      "user-agent": "Mozilla/5.0 (X11; Linux x86_64) AppleWebKit/537.36 (KHTML, like Gecko) Chrome/123.0.0.0 Safari/537.36",
      "content-type": "text/plain;charset=UTF-8",
      "accept": "*/*",
      "origin": "https://app.slack.com"
    }
  },
  {
    "pageUrl": "https://app.slack.com/client/T06VC4Y3SAX",
    "url": "https://slackb.com/traces/v1/list_of_spans/json",
    "method": "POST",
    "headers": {
      "sec-ch-ua": "\"Chromium\";v=\"123\", \"Not:A-Brand\";v=\"8\"",
      "sec-ch-ua-platform": "\"Linux\"",
      "referer": "",
      "sec-ch-ua-mobile": "?0",
      "user-agent": "Mozilla/5.0 (X11; Linux x86_64) AppleWebKit/537.36 (KHTML, like Gecko) Chrome/123.0.0.0 Safari/537.36",
      "content-type": "text/plain;charset=UTF-8",
      "accept": "*/*",
      "origin": "https://app.slack.com"
    }
  },
  {
    "pageUrl": "https://app.slack.com/client/T06VC4Y3SAX",
    "url": "https://slackb.com/traces/v1/list_of_spans/json",
    "method": "POST",
    "headers": {
      "sec-ch-ua": "\"Chromium\";v=\"123\", \"Not:A-Brand\";v=\"8\"",
      "sec-ch-ua-platform": "\"Linux\"",
      "referer": "",
      "sec-ch-ua-mobile": "?0",
      "user-agent": "Mozilla/5.0 (X11; Linux x86_64) AppleWebKit/537.36 (KHTML, like Gecko) Chrome/123.0.0.0 Safari/537.36",
      "content-type": "text/plain;charset=UTF-8",
      "accept": "*/*",
      "origin": "https://app.slack.com"
    }
  },
  {
    "pageUrl": "https://app.slack.com/client/T06VC4Y3SAX",
    "url": "https://slackb.com/traces/v1/list_of_spans/json",
    "method": "POST",
    "headers": {
      "sec-ch-ua": "\"Chromium\";v=\"123\", \"Not:A-Brand\";v=\"8\"",
      "sec-ch-ua-platform": "\"Linux\"",
      "referer": "",
      "sec-ch-ua-mobile": "?0",
      "user-agent": "Mozilla/5.0 (X11; Linux x86_64) AppleWebKit/537.36 (KHTML, like Gecko) Chrome/123.0.0.0 Safari/537.36",
      "content-type": "text/plain;charset=UTF-8",
      "accept": "*/*",
      "origin": "https://app.slack.com"
    }
  },
  {
    "pageUrl": "https://app.slack.com/client/T06VC4Y3SAX",
    "url": "https://slackb.com/traces/v1/list_of_spans/json",
    "method": "POST",
    "headers": {
      "sec-ch-ua": "\"Chromium\";v=\"123\", \"Not:A-Brand\";v=\"8\"",
      "sec-ch-ua-platform": "\"Linux\"",
      "referer": "",
      "sec-ch-ua-mobile": "?0",
      "user-agent": "Mozilla/5.0 (X11; Linux x86_64) AppleWebKit/537.36 (KHTML, like Gecko) Chrome/123.0.0.0 Safari/537.36",
      "content-type": "text/plain;charset=UTF-8",
      "accept": "*/*",
      "origin": "https://app.slack.com"
    }
  },
  {
    "pageUrl": "https://app.slack.com/client/T06VC4Y3SAX",
    "url": "https://slackb.com/traces/v1/list_of_spans/json",
    "method": "POST",
    "headers": {
      "sec-ch-ua": "\"Chromium\";v=\"123\", \"Not:A-Brand\";v=\"8\"",
      "sec-ch-ua-platform": "\"Linux\"",
      "referer": "",
      "sec-ch-ua-mobile": "?0",
      "user-agent": "Mozilla/5.0 (X11; Linux x86_64) AppleWebKit/537.36 (KHTML, like Gecko) Chrome/123.0.0.0 Safari/537.36",
      "content-type": "text/plain;charset=UTF-8",
      "accept": "*/*",
      "origin": "https://app.slack.com"
    }
  },
  {
    "pageUrl": "https://app.slack.com/client/T06VC4Y3SAX",
    "url": "https://slackb.com/traces/v1/list_of_spans/json",
    "method": "POST",
    "headers": {
      "sec-ch-ua": "\"Chromium\";v=\"123\", \"Not:A-Brand\";v=\"8\"",
      "sec-ch-ua-platform": "\"Linux\"",
      "referer": "",
      "sec-ch-ua-mobile": "?0",
      "user-agent": "Mozilla/5.0 (X11; Linux x86_64) AppleWebKit/537.36 (KHTML, like Gecko) Chrome/123.0.0.0 Safari/537.36",
      "content-type": "text/plain;charset=UTF-8",
      "accept": "*/*",
      "origin": "https://app.slack.com"
    }
  },
  {
    "pageUrl": "https://app.slack.com/client/T06VC4Y3SAX",
    "url": "https://slackb.com/traces/v1/list_of_spans/json",
    "method": "POST",
    "headers": {
      "sec-ch-ua": "\"Chromium\";v=\"123\", \"Not:A-Brand\";v=\"8\"",
      "sec-ch-ua-platform": "\"Linux\"",
      "referer": "",
      "sec-ch-ua-mobile": "?0",
      "user-agent": "Mozilla/5.0 (X11; Linux x86_64) AppleWebKit/537.36 (KHTML, like Gecko) Chrome/123.0.0.0 Safari/537.36",
      "content-type": "text/plain;charset=UTF-8",
      "accept": "*/*",
      "origin": "https://app.slack.com"
    }
  },
  {
    "pageUrl": "https://app.slack.com/client/T06VC4Y3SAX",
    "url": "https://slackb.com/traces/v1/list_of_spans/json",
    "method": "POST",
    "headers": {
      "sec-ch-ua": "\"Chromium\";v=\"123\", \"Not:A-Brand\";v=\"8\"",
      "sec-ch-ua-platform": "\"Linux\"",
      "referer": "",
      "sec-ch-ua-mobile": "?0",
      "user-agent": "Mozilla/5.0 (X11; Linux x86_64) AppleWebKit/537.36 (KHTML, like Gecko) Chrome/123.0.0.0 Safari/537.36",
      "content-type": "text/plain;charset=UTF-8",
      "accept": "*/*",
      "origin": "https://app.slack.com"
    }
  },
  {
    "pageUrl": "https://app.slack.com/client/T06VC4Y3SAX",
    "url": "https://slackb.com/traces/v1/list_of_spans/json",
    "method": "POST",
    "headers": {
      "sec-ch-ua": "\"Chromium\";v=\"123\", \"Not:A-Brand\";v=\"8\"",
      "sec-ch-ua-platform": "\"Linux\"",
      "referer": "",
      "sec-ch-ua-mobile": "?0",
      "user-agent": "Mozilla/5.0 (X11; Linux x86_64) AppleWebKit/537.36 (KHTML, like Gecko) Chrome/123.0.0.0 Safari/537.36",
      "content-type": "text/plain;charset=UTF-8",
      "accept": "*/*",
      "origin": "https://app.slack.com"
    }
  },
  {
    "pageUrl": "https://app.slack.com/client/T06VC4Y3SAX",
    "url": "https://slackb.com/traces/v1/list_of_spans/json",
    "method": "POST",
    "headers": {
      "sec-ch-ua": "\"Chromium\";v=\"123\", \"Not:A-Brand\";v=\"8\"",
      "sec-ch-ua-platform": "\"Linux\"",
      "referer": "",
      "sec-ch-ua-mobile": "?0",
      "user-agent": "Mozilla/5.0 (X11; Linux x86_64) AppleWebKit/537.36 (KHTML, like Gecko) Chrome/123.0.0.0 Safari/537.36",
      "content-type": "text/plain;charset=UTF-8",
      "accept": "*/*",
      "origin": "https://app.slack.com"
    }
  },
  {
    "pageUrl": "https://app.slack.com/client/T06VC4Y3SAX",
    "url": "https://slackb.com/traces/v1/list_of_spans/json",
    "method": "POST",
    "headers": {
      "sec-ch-ua": "\"Chromium\";v=\"123\", \"Not:A-Brand\";v=\"8\"",
      "sec-ch-ua-platform": "\"Linux\"",
      "referer": "",
      "sec-ch-ua-mobile": "?0",
      "user-agent": "Mozilla/5.0 (X11; Linux x86_64) AppleWebKit/537.36 (KHTML, like Gecko) Chrome/123.0.0.0 Safari/537.36",
      "content-type": "text/plain;charset=UTF-8",
      "accept": "*/*",
      "origin": "https://app.slack.com"
    }
  },
  {
    "pageUrl": "https://app.slack.com/client/T06VC4Y3SAX",
    "url": "https://slackb.com/traces/v1/list_of_spans/json",
    "method": "POST",
    "headers": {
      "sec-ch-ua": "\"Chromium\";v=\"123\", \"Not:A-Brand\";v=\"8\"",
      "sec-ch-ua-platform": "\"Linux\"",
      "referer": "",
      "sec-ch-ua-mobile": "?0",
      "user-agent": "Mozilla/5.0 (X11; Linux x86_64) AppleWebKit/537.36 (KHTML, like Gecko) Chrome/123.0.0.0 Safari/537.36",
      "content-type": "text/plain;charset=UTF-8",
      "accept": "*/*",
      "origin": "https://app.slack.com"
    }
  },
  {
    "pageUrl": "https://app.slack.com/client/T06VC4Y3SAX",
    "url": "https://slackb.com/traces/v1/list_of_spans/json",
    "method": "POST",
    "headers": {
      "sec-ch-ua": "\"Chromium\";v=\"123\", \"Not:A-Brand\";v=\"8\"",
      "sec-ch-ua-platform": "\"Linux\"",
      "referer": "",
      "sec-ch-ua-mobile": "?0",
      "user-agent": "Mozilla/5.0 (X11; Linux x86_64) AppleWebKit/537.36 (KHTML, like Gecko) Chrome/123.0.0.0 Safari/537.36",
      "content-type": "text/plain;charset=UTF-8",
      "accept": "*/*",
      "origin": "https://app.slack.com"
    }
  },
  {
    "pageUrl": "https://app.slack.com/client/T06VC4Y3SAX",
    "url": "https://slackb.com/traces/v1/list_of_spans/json",
    "method": "POST",
    "headers": {
      "sec-ch-ua": "\"Chromium\";v=\"123\", \"Not:A-Brand\";v=\"8\"",
      "sec-ch-ua-platform": "\"Linux\"",
      "referer": "",
      "sec-ch-ua-mobile": "?0",
      "user-agent": "Mozilla/5.0 (X11; Linux x86_64) AppleWebKit/537.36 (KHTML, like Gecko) Chrome/123.0.0.0 Safari/537.36",
      "content-type": "text/plain;charset=UTF-8",
      "accept": "*/*",
      "origin": "https://app.slack.com"
    }
  },
  {
    "pageUrl": "https://app.slack.com/client/T06VC4Y3SAX",
    "url": "https://slackb.com/traces/v1/list_of_spans/json",
    "method": "POST",
    "headers": {
      "sec-ch-ua": "\"Chromium\";v=\"123\", \"Not:A-Brand\";v=\"8\"",
      "sec-ch-ua-platform": "\"Linux\"",
      "referer": "",
      "sec-ch-ua-mobile": "?0",
      "user-agent": "Mozilla/5.0 (X11; Linux x86_64) AppleWebKit/537.36 (KHTML, like Gecko) Chrome/123.0.0.0 Safari/537.36",
      "content-type": "text/plain;charset=UTF-8",
      "accept": "*/*",
      "origin": "https://app.slack.com"
    }
  },
  {
    "pageUrl": "https://app.slack.com/client/T06VC4Y3SAX",
    "url": "https://slackb.com/traces/v1/list_of_spans/json",
    "method": "POST",
    "headers": {
      "sec-ch-ua": "\"Chromium\";v=\"123\", \"Not:A-Brand\";v=\"8\"",
      "sec-ch-ua-platform": "\"Linux\"",
      "referer": "",
      "sec-ch-ua-mobile": "?0",
      "user-agent": "Mozilla/5.0 (X11; Linux x86_64) AppleWebKit/537.36 (KHTML, like Gecko) Chrome/123.0.0.0 Safari/537.36",
      "content-type": "text/plain;charset=UTF-8",
      "accept": "*/*",
      "origin": "https://app.slack.com"
    }
  },
  {
    "pageUrl": "https://app.slack.com/client/T06VC4Y3SAX",
    "url": "https://slackb.com/traces/v1/list_of_spans/json",
    "method": "POST",
    "headers": {
      "sec-ch-ua": "\"Chromium\";v=\"123\", \"Not:A-Brand\";v=\"8\"",
      "sec-ch-ua-platform": "\"Linux\"",
      "referer": "",
      "sec-ch-ua-mobile": "?0",
      "user-agent": "Mozilla/5.0 (X11; Linux x86_64) AppleWebKit/537.36 (KHTML, like Gecko) Chrome/123.0.0.0 Safari/537.36",
      "content-type": "text/plain;charset=UTF-8",
      "accept": "*/*",
      "origin": "https://app.slack.com"
    }
  },
  {
    "pageUrl": "https://app.slack.com/client/T06VC4Y3SAX",
    "url": "https://slackb.com/traces/v1/list_of_spans/json",
    "method": "POST",
    "headers": {
      "sec-ch-ua": "\"Chromium\";v=\"123\", \"Not:A-Brand\";v=\"8\"",
      "sec-ch-ua-platform": "\"Linux\"",
      "referer": "",
      "sec-ch-ua-mobile": "?0",
      "user-agent": "Mozilla/5.0 (X11; Linux x86_64) AppleWebKit/537.36 (KHTML, like Gecko) Chrome/123.0.0.0 Safari/537.36",
      "content-type": "text/plain;charset=UTF-8",
      "accept": "*/*",
      "origin": "https://app.slack.com"
    }
  },
  {
    "pageUrl": "https://app.slack.com/client/T06VC4Y3SAX",
    "url": "https://slackb.com/traces/v1/list_of_spans/json",
    "method": "POST",
    "headers": {
      "sec-ch-ua": "\"Chromium\";v=\"123\", \"Not:A-Brand\";v=\"8\"",
      "sec-ch-ua-platform": "\"Linux\"",
      "referer": "",
      "sec-ch-ua-mobile": "?0",
      "user-agent": "Mozilla/5.0 (X11; Linux x86_64) AppleWebKit/537.36 (KHTML, like Gecko) Chrome/123.0.0.0 Safari/537.36",
      "content-type": "text/plain;charset=UTF-8",
      "accept": "*/*",
      "origin": "https://app.slack.com"
    }
  },
  {
    "pageUrl": "https://app.slack.com/client/T06VC4Y3SAX",
    "url": "https://slackb.com/traces/v1/list_of_spans/json",
    "method": "POST",
    "headers": {
      "sec-ch-ua": "\"Chromium\";v=\"123\", \"Not:A-Brand\";v=\"8\"",
      "sec-ch-ua-platform": "\"Linux\"",
      "referer": "",
      "sec-ch-ua-mobile": "?0",
      "user-agent": "Mozilla/5.0 (X11; Linux x86_64) AppleWebKit/537.36 (KHTML, like Gecko) Chrome/123.0.0.0 Safari/537.36",
      "content-type": "text/plain;charset=UTF-8",
      "accept": "*/*",
      "origin": "https://app.slack.com"
    }
  },
  {
    "pageUrl": "https://app.slack.com/client/T06VC4Y3SAX",
    "url": "https://slackb.com/traces/v1/list_of_spans/json",
    "method": "POST",
    "headers": {
      "sec-ch-ua": "\"Chromium\";v=\"123\", \"Not:A-Brand\";v=\"8\"",
      "sec-ch-ua-platform": "\"Linux\"",
      "referer": "",
      "sec-ch-ua-mobile": "?0",
      "user-agent": "Mozilla/5.0 (X11; Linux x86_64) AppleWebKit/537.36 (KHTML, like Gecko) Chrome/123.0.0.0 Safari/537.36",
      "content-type": "text/plain;charset=UTF-8",
      "accept": "*/*",
      "origin": "https://app.slack.com"
    }
  },
  {
    "pageUrl": "https://app.slack.com/client/T06VC4Y3SAX",
    "url": "https://slackb.com/traces/v1/list_of_spans/json",
    "method": "POST",
    "headers": {
      "sec-ch-ua": "\"Chromium\";v=\"123\", \"Not:A-Brand\";v=\"8\"",
      "sec-ch-ua-platform": "\"Linux\"",
      "referer": "",
      "sec-ch-ua-mobile": "?0",
      "user-agent": "Mozilla/5.0 (X11; Linux x86_64) AppleWebKit/537.36 (KHTML, like Gecko) Chrome/123.0.0.0 Safari/537.36",
      "content-type": "text/plain;charset=UTF-8",
      "accept": "*/*",
      "origin": "https://app.slack.com"
    }
  },
  {
    "pageUrl": "https://app.slack.com/client/T06VC4Y3SAX",
    "url": "https://slackb.com/traces/v1/list_of_spans/json",
    "method": "POST",
    "headers": {
      "sec-ch-ua": "\"Chromium\";v=\"123\", \"Not:A-Brand\";v=\"8\"",
      "sec-ch-ua-platform": "\"Linux\"",
      "referer": "",
      "sec-ch-ua-mobile": "?0",
      "user-agent": "Mozilla/5.0 (X11; Linux x86_64) AppleWebKit/537.36 (KHTML, like Gecko) Chrome/123.0.0.0 Safari/537.36",
      "content-type": "text/plain;charset=UTF-8",
      "accept": "*/*",
      "origin": "https://app.slack.com"
    }
  },
  {
    "pageUrl": "https://app.slack.com/client/T06VC4Y3SAX",
    "url": "https://slackb.com/traces/v1/list_of_spans/json",
    "method": "POST",
    "headers": {
      "sec-ch-ua": "\"Chromium\";v=\"123\", \"Not:A-Brand\";v=\"8\"",
      "sec-ch-ua-platform": "\"Linux\"",
      "referer": "",
      "sec-ch-ua-mobile": "?0",
      "user-agent": "Mozilla/5.0 (X11; Linux x86_64) AppleWebKit/537.36 (KHTML, like Gecko) Chrome/123.0.0.0 Safari/537.36",
      "content-type": "text/plain;charset=UTF-8",
      "accept": "*/*",
      "origin": "https://app.slack.com"
    }
  },
  {
    "pageUrl": "https://app.slack.com/client/T06VC4Y3SAX",
    "url": "https://slackb.com/traces/v1/list_of_spans/json",
    "method": "POST",
    "headers": {
      "sec-ch-ua": "\"Chromium\";v=\"123\", \"Not:A-Brand\";v=\"8\"",
      "sec-ch-ua-platform": "\"Linux\"",
      "referer": "",
      "sec-ch-ua-mobile": "?0",
      "user-agent": "Mozilla/5.0 (X11; Linux x86_64) AppleWebKit/537.36 (KHTML, like Gecko) Chrome/123.0.0.0 Safari/537.36",
      "content-type": "text/plain;charset=UTF-8",
      "accept": "*/*",
      "origin": "https://app.slack.com"
    }
  },
  {
    "pageUrl": "https://app.slack.com/client/T06VC4Y3SAX",
    "url": "https://slackb.com/traces/v1/list_of_spans/json",
    "method": "POST",
    "headers": {
      "sec-ch-ua": "\"Chromium\";v=\"123\", \"Not:A-Brand\";v=\"8\"",
      "sec-ch-ua-platform": "\"Linux\"",
      "referer": "",
      "sec-ch-ua-mobile": "?0",
      "user-agent": "Mozilla/5.0 (X11; Linux x86_64) AppleWebKit/537.36 (KHTML, like Gecko) Chrome/123.0.0.0 Safari/537.36",
      "content-type": "text/plain;charset=UTF-8",
      "accept": "*/*",
      "origin": "https://app.slack.com"
    }
  },
  {
    "pageUrl": "https://app.slack.com/client/T06VC4Y3SAX",
    "url": "https://slackb.com/traces/v1/list_of_spans/json",
    "method": "POST",
    "headers": {
      "sec-ch-ua": "\"Chromium\";v=\"123\", \"Not:A-Brand\";v=\"8\"",
      "sec-ch-ua-platform": "\"Linux\"",
      "referer": "",
      "sec-ch-ua-mobile": "?0",
      "user-agent": "Mozilla/5.0 (X11; Linux x86_64) AppleWebKit/537.36 (KHTML, like Gecko) Chrome/123.0.0.0 Safari/537.36",
      "content-type": "text/plain;charset=UTF-8",
      "accept": "*/*",
      "origin": "https://app.slack.com"
    }
  },
  {
    "pageUrl": "https://app.slack.com/client/T06VC4Y3SAX",
    "url": "https://slackb.com/traces/v1/list_of_spans/json",
    "method": "POST",
    "headers": {
      "sec-ch-ua": "\"Chromium\";v=\"123\", \"Not:A-Brand\";v=\"8\"",
      "sec-ch-ua-platform": "\"Linux\"",
      "referer": "",
      "sec-ch-ua-mobile": "?0",
      "user-agent": "Mozilla/5.0 (X11; Linux x86_64) AppleWebKit/537.36 (KHTML, like Gecko) Chrome/123.0.0.0 Safari/537.36",
      "content-type": "text/plain;charset=UTF-8",
      "accept": "*/*",
      "origin": "https://app.slack.com"
    }
  },
  {
    "pageUrl": "https://app.slack.com/client/T06VC4Y3SAX",
    "url": "https://slackb.com/traces/v1/list_of_spans/json",
    "method": "POST",
    "headers": {
      "sec-ch-ua": "\"Chromium\";v=\"123\", \"Not:A-Brand\";v=\"8\"",
      "sec-ch-ua-platform": "\"Linux\"",
      "referer": "",
      "sec-ch-ua-mobile": "?0",
      "user-agent": "Mozilla/5.0 (X11; Linux x86_64) AppleWebKit/537.36 (KHTML, like Gecko) Chrome/123.0.0.0 Safari/537.36",
      "content-type": "text/plain;charset=UTF-8",
      "accept": "*/*",
      "origin": "https://app.slack.com"
    }
  },
  {
    "pageUrl": "https://app.slack.com/client/T06VC4Y3SAX",
    "url": "https://slackb.com/traces/v1/list_of_spans/json",
    "method": "POST",
    "headers": {
      "sec-ch-ua": "\"Chromium\";v=\"123\", \"Not:A-Brand\";v=\"8\"",
      "sec-ch-ua-platform": "\"Linux\"",
      "referer": "",
      "sec-ch-ua-mobile": "?0",
      "user-agent": "Mozilla/5.0 (X11; Linux x86_64) AppleWebKit/537.36 (KHTML, like Gecko) Chrome/123.0.0.0 Safari/537.36",
      "content-type": "text/plain;charset=UTF-8",
      "accept": "*/*",
      "origin": "https://app.slack.com"
    }
  },
  {
    "pageUrl": "https://app.slack.com/client/T06VC4Y3SAX",
    "url": "https://slackb.com/traces/v1/list_of_spans/json",
    "method": "POST",
    "headers": {
      "sec-ch-ua": "\"Chromium\";v=\"123\", \"Not:A-Brand\";v=\"8\"",
      "sec-ch-ua-platform": "\"Linux\"",
      "referer": "",
      "sec-ch-ua-mobile": "?0",
      "user-agent": "Mozilla/5.0 (X11; Linux x86_64) AppleWebKit/537.36 (KHTML, like Gecko) Chrome/123.0.0.0 Safari/537.36",
      "content-type": "text/plain;charset=UTF-8",
      "accept": "*/*",
      "origin": "https://app.slack.com"
    }
  },
  {
    "pageUrl": "https://app.slack.com/client/T06VC4Y3SAX",
    "url": "https://slackb.com/traces/v1/list_of_spans/json",
    "method": "POST",
    "headers": {
      "sec-ch-ua": "\"Chromium\";v=\"123\", \"Not:A-Brand\";v=\"8\"",
      "sec-ch-ua-platform": "\"Linux\"",
      "referer": "",
      "sec-ch-ua-mobile": "?0",
      "user-agent": "Mozilla/5.0 (X11; Linux x86_64) AppleWebKit/537.36 (KHTML, like Gecko) Chrome/123.0.0.0 Safari/537.36",
      "content-type": "text/plain;charset=UTF-8",
      "accept": "*/*",
      "origin": "https://app.slack.com"
    }
  },
  {
    "pageUrl": "https://app.slack.com/client/T06VC4Y3SAX",
    "url": "https://slackb.com/traces/v1/list_of_spans/json",
    "method": "POST",
    "headers": {
      "sec-ch-ua": "\"Chromium\";v=\"123\", \"Not:A-Brand\";v=\"8\"",
      "sec-ch-ua-platform": "\"Linux\"",
      "referer": "",
      "sec-ch-ua-mobile": "?0",
      "user-agent": "Mozilla/5.0 (X11; Linux x86_64) AppleWebKit/537.36 (KHTML, like Gecko) Chrome/123.0.0.0 Safari/537.36",
      "content-type": "text/plain;charset=UTF-8",
      "accept": "*/*",
      "origin": "https://app.slack.com"
    }
  },
  {
    "pageUrl": "https://app.slack.com/client/T06VC4Y3SAX",
    "url": "https://slackb.com/traces/v1/list_of_spans/json",
    "method": "POST",
    "headers": {
      "sec-ch-ua": "\"Chromium\";v=\"123\", \"Not:A-Brand\";v=\"8\"",
      "sec-ch-ua-platform": "\"Linux\"",
      "referer": "",
      "sec-ch-ua-mobile": "?0",
      "user-agent": "Mozilla/5.0 (X11; Linux x86_64) AppleWebKit/537.36 (KHTML, like Gecko) Chrome/123.0.0.0 Safari/537.36",
      "content-type": "text/plain;charset=UTF-8",
      "accept": "*/*",
      "origin": "https://app.slack.com"
    }
  },
  {
    "pageUrl": "https://app.slack.com/client/T06VC4Y3SAX",
    "url": "https://slackb.com/traces/v1/list_of_spans/json",
    "method": "POST",
    "headers": {
      "sec-ch-ua": "\"Chromium\";v=\"123\", \"Not:A-Brand\";v=\"8\"",
      "sec-ch-ua-platform": "\"Linux\"",
      "referer": "",
      "sec-ch-ua-mobile": "?0",
      "user-agent": "Mozilla/5.0 (X11; Linux x86_64) AppleWebKit/537.36 (KHTML, like Gecko) Chrome/123.0.0.0 Safari/537.36",
      "content-type": "text/plain;charset=UTF-8",
      "accept": "*/*",
      "origin": "https://app.slack.com"
    }
  },
  {
    "pageUrl": "https://app.slack.com/client/T06VC4Y3SAX",
    "url": "https://slackb.com/traces/v1/list_of_spans/json",
    "method": "POST",
    "headers": {
      "sec-ch-ua": "\"Chromium\";v=\"123\", \"Not:A-Brand\";v=\"8\"",
      "sec-ch-ua-platform": "\"Linux\"",
      "referer": "",
      "sec-ch-ua-mobile": "?0",
      "user-agent": "Mozilla/5.0 (X11; Linux x86_64) AppleWebKit/537.36 (KHTML, like Gecko) Chrome/123.0.0.0 Safari/537.36",
      "content-type": "text/plain;charset=UTF-8",
      "accept": "*/*",
      "origin": "https://app.slack.com"
    }
  },
  {
    "pageUrl": "https://app.slack.com/client/T06VC4Y3SAX",
    "url": "https://slackb.com/traces/v1/list_of_spans/json",
    "method": "POST",
    "headers": {
      "sec-ch-ua": "\"Chromium\";v=\"123\", \"Not:A-Brand\";v=\"8\"",
      "sec-ch-ua-platform": "\"Linux\"",
      "referer": "",
      "sec-ch-ua-mobile": "?0",
      "user-agent": "Mozilla/5.0 (X11; Linux x86_64) AppleWebKit/537.36 (KHTML, like Gecko) Chrome/123.0.0.0 Safari/537.36",
      "content-type": "text/plain;charset=UTF-8",
      "accept": "*/*",
      "origin": "https://app.slack.com"
    }
  },
  {
    "pageUrl": "https://app.slack.com/client/T06VC4Y3SAX",
    "url": "https://slackb.com/traces/v1/list_of_spans/json",
    "method": "POST",
    "headers": {
      "sec-ch-ua": "\"Chromium\";v=\"123\", \"Not:A-Brand\";v=\"8\"",
      "sec-ch-ua-platform": "\"Linux\"",
      "referer": "",
      "sec-ch-ua-mobile": "?0",
      "user-agent": "Mozilla/5.0 (X11; Linux x86_64) AppleWebKit/537.36 (KHTML, like Gecko) Chrome/123.0.0.0 Safari/537.36",
      "content-type": "text/plain;charset=UTF-8",
      "accept": "*/*",
      "origin": "https://app.slack.com"
    }
  },
  {
    "pageUrl": "https://app.slack.com/client/T06VC4Y3SAX",
    "url": "https://slackb.com/traces/v1/list_of_spans/json",
    "method": "POST",
    "headers": {
      "sec-ch-ua": "\"Chromium\";v=\"123\", \"Not:A-Brand\";v=\"8\"",
      "sec-ch-ua-platform": "\"Linux\"",
      "referer": "",
      "sec-ch-ua-mobile": "?0",
      "user-agent": "Mozilla/5.0 (X11; Linux x86_64) AppleWebKit/537.36 (KHTML, like Gecko) Chrome/123.0.0.0 Safari/537.36",
      "content-type": "text/plain;charset=UTF-8",
      "accept": "*/*",
      "origin": "https://app.slack.com"
    }
  },
  {
    "pageUrl": "https://app.slack.com/client/T06VC4Y3SAX",
    "url": "https://slackb.com/traces/v1/list_of_spans/json",
    "method": "POST",
    "headers": {
      "sec-ch-ua": "\"Chromium\";v=\"123\", \"Not:A-Brand\";v=\"8\"",
      "sec-ch-ua-platform": "\"Linux\"",
      "referer": "",
      "sec-ch-ua-mobile": "?0",
      "user-agent": "Mozilla/5.0 (X11; Linux x86_64) AppleWebKit/537.36 (KHTML, like Gecko) Chrome/123.0.0.0 Safari/537.36",
      "content-type": "text/plain;charset=UTF-8",
      "accept": "*/*",
      "origin": "https://app.slack.com"
    }
  },
  {
    "pageUrl": "https://app.slack.com/client/T06VC4Y3SAX",
    "url": "https://slackb.com/traces/v1/list_of_spans/json",
    "method": "POST",
    "headers": {
      "sec-ch-ua": "\"Chromium\";v=\"123\", \"Not:A-Brand\";v=\"8\"",
      "sec-ch-ua-platform": "\"Linux\"",
      "referer": "",
      "sec-ch-ua-mobile": "?0",
      "user-agent": "Mozilla/5.0 (X11; Linux x86_64) AppleWebKit/537.36 (KHTML, like Gecko) Chrome/123.0.0.0 Safari/537.36",
      "content-type": "text/plain;charset=UTF-8",
      "accept": "*/*",
      "origin": "https://app.slack.com"
    }
  },
  {
    "pageUrl": "https://app.slack.com/client/T06VC4Y3SAX",
    "url": "https://slackb.com/traces/v1/list_of_spans/json",
    "method": "POST",
    "headers": {
      "sec-ch-ua": "\"Chromium\";v=\"123\", \"Not:A-Brand\";v=\"8\"",
      "sec-ch-ua-platform": "\"Linux\"",
      "referer": "",
      "sec-ch-ua-mobile": "?0",
      "user-agent": "Mozilla/5.0 (X11; Linux x86_64) AppleWebKit/537.36 (KHTML, like Gecko) Chrome/123.0.0.0 Safari/537.36",
      "content-type": "text/plain;charset=UTF-8",
      "accept": "*/*",
      "origin": "https://app.slack.com"
    }
  },
  {
    "pageUrl": "https://app.slack.com/client/T06VC4Y3SAX",
    "url": "https://slackb.com/traces/v1/list_of_spans/json",
    "method": "POST",
    "headers": {
      "sec-ch-ua": "\"Chromium\";v=\"123\", \"Not:A-Brand\";v=\"8\"",
      "sec-ch-ua-platform": "\"Linux\"",
      "referer": "",
      "sec-ch-ua-mobile": "?0",
      "user-agent": "Mozilla/5.0 (X11; Linux x86_64) AppleWebKit/537.36 (KHTML, like Gecko) Chrome/123.0.0.0 Safari/537.36",
      "content-type": "text/plain;charset=UTF-8",
      "accept": "*/*",
      "origin": "https://app.slack.com"
    }
  },
  {
    "pageUrl": "https://app.slack.com/client/T06VC4Y3SAX",
    "url": "https://slackb.com/traces/v1/list_of_spans/json",
    "method": "POST",
    "headers": {
      "sec-ch-ua": "\"Chromium\";v=\"123\", \"Not:A-Brand\";v=\"8\"",
      "sec-ch-ua-platform": "\"Linux\"",
      "referer": "",
      "sec-ch-ua-mobile": "?0",
      "user-agent": "Mozilla/5.0 (X11; Linux x86_64) AppleWebKit/537.36 (KHTML, like Gecko) Chrome/123.0.0.0 Safari/537.36",
      "content-type": "text/plain;charset=UTF-8",
      "accept": "*/*",
      "origin": "https://app.slack.com"
    }
  },
  {
    "pageUrl": "https://app.slack.com/client/T06VC4Y3SAX",
    "url": "https://slackb.com/traces/v1/list_of_spans/json",
    "method": "POST",
    "headers": {
      "sec-ch-ua": "\"Chromium\";v=\"123\", \"Not:A-Brand\";v=\"8\"",
      "sec-ch-ua-platform": "\"Linux\"",
      "referer": "",
      "sec-ch-ua-mobile": "?0",
      "user-agent": "Mozilla/5.0 (X11; Linux x86_64) AppleWebKit/537.36 (KHTML, like Gecko) Chrome/123.0.0.0 Safari/537.36",
      "content-type": "text/plain;charset=UTF-8",
      "accept": "*/*",
      "origin": "https://app.slack.com"
    }
  },
  {
    "pageUrl": "https://app.slack.com/client/T06VC4Y3SAX",
    "url": "https://slackb.com/traces/v1/list_of_spans/json",
    "method": "POST",
    "headers": {
      "sec-ch-ua": "\"Chromium\";v=\"123\", \"Not:A-Brand\";v=\"8\"",
      "sec-ch-ua-platform": "\"Linux\"",
      "referer": "",
      "sec-ch-ua-mobile": "?0",
      "user-agent": "Mozilla/5.0 (X11; Linux x86_64) AppleWebKit/537.36 (KHTML, like Gecko) Chrome/123.0.0.0 Safari/537.36",
      "content-type": "text/plain;charset=UTF-8",
      "accept": "*/*",
      "origin": "https://app.slack.com"
    }
  },
  {
    "pageUrl": "https://app.slack.com/client/T06VC4Y3SAX",
    "url": "https://slackb.com/traces/v1/list_of_spans/json",
    "method": "POST",
    "headers": {
      "sec-ch-ua": "\"Chromium\";v=\"123\", \"Not:A-Brand\";v=\"8\"",
      "sec-ch-ua-platform": "\"Linux\"",
      "referer": "",
      "sec-ch-ua-mobile": "?0",
      "user-agent": "Mozilla/5.0 (X11; Linux x86_64) AppleWebKit/537.36 (KHTML, like Gecko) Chrome/123.0.0.0 Safari/537.36",
      "content-type": "text/plain;charset=UTF-8",
      "accept": "*/*",
      "origin": "https://app.slack.com"
    }
  },
  {
    "pageUrl": "https://app.slack.com/client/T06VC4Y3SAX",
    "url": "https://slackb.com/traces/v1/list_of_spans/json",
    "method": "POST",
    "headers": {
      "sec-ch-ua": "\"Chromium\";v=\"123\", \"Not:A-Brand\";v=\"8\"",
      "sec-ch-ua-platform": "\"Linux\"",
      "referer": "",
      "sec-ch-ua-mobile": "?0",
      "user-agent": "Mozilla/5.0 (X11; Linux x86_64) AppleWebKit/537.36 (KHTML, like Gecko) Chrome/123.0.0.0 Safari/537.36",
      "content-type": "text/plain;charset=UTF-8",
      "accept": "*/*",
      "origin": "https://app.slack.com"
    }
  },
  {
    "pageUrl": "https://app.slack.com/client/T06VC4Y3SAX",
    "url": "https://slackb.com/traces/v1/list_of_spans/json",
    "method": "POST",
    "headers": {
      "sec-ch-ua": "\"Chromium\";v=\"123\", \"Not:A-Brand\";v=\"8\"",
      "sec-ch-ua-platform": "\"Linux\"",
      "referer": "",
      "sec-ch-ua-mobile": "?0",
      "user-agent": "Mozilla/5.0 (X11; Linux x86_64) AppleWebKit/537.36 (KHTML, like Gecko) Chrome/123.0.0.0 Safari/537.36",
      "content-type": "text/plain;charset=UTF-8",
      "accept": "*/*",
      "origin": "https://app.slack.com"
    }
  },
  {
    "pageUrl": "https://app.slack.com/client/T06VC4Y3SAX",
    "url": "https://slackb.com/traces/v1/list_of_spans/json",
    "method": "POST",
    "headers": {
      "sec-ch-ua": "\"Chromium\";v=\"123\", \"Not:A-Brand\";v=\"8\"",
      "sec-ch-ua-platform": "\"Linux\"",
      "referer": "",
      "sec-ch-ua-mobile": "?0",
      "user-agent": "Mozilla/5.0 (X11; Linux x86_64) AppleWebKit/537.36 (KHTML, like Gecko) Chrome/123.0.0.0 Safari/537.36",
      "content-type": "text/plain;charset=UTF-8",
      "accept": "*/*",
      "origin": "https://app.slack.com"
    }
  },
  {
    "pageUrl": "https://app.slack.com/client/T06VC4Y3SAX",
    "url": "https://slackb.com/traces/v1/list_of_spans/json",
    "method": "POST",
    "headers": {
      "sec-ch-ua": "\"Chromium\";v=\"123\", \"Not:A-Brand\";v=\"8\"",
      "sec-ch-ua-platform": "\"Linux\"",
      "referer": "",
      "sec-ch-ua-mobile": "?0",
      "user-agent": "Mozilla/5.0 (X11; Linux x86_64) AppleWebKit/537.36 (KHTML, like Gecko) Chrome/123.0.0.0 Safari/537.36",
      "content-type": "text/plain;charset=UTF-8",
      "accept": "*/*",
      "origin": "https://app.slack.com"
    }
  },
  {
    "pageUrl": "https://app.slack.com/client/T06VC4Y3SAX",
    "url": "https://slackb.com/traces/v1/list_of_spans/json",
    "method": "POST",
    "headers": {
      "sec-ch-ua": "\"Chromium\";v=\"123\", \"Not:A-Brand\";v=\"8\"",
      "sec-ch-ua-platform": "\"Linux\"",
      "referer": "",
      "sec-ch-ua-mobile": "?0",
      "user-agent": "Mozilla/5.0 (X11; Linux x86_64) AppleWebKit/537.36 (KHTML, like Gecko) Chrome/123.0.0.0 Safari/537.36",
      "content-type": "text/plain;charset=UTF-8",
      "accept": "*/*",
      "origin": "https://app.slack.com"
    }
  },
  {
    "pageUrl": "https://app.slack.com/client/T06VC4Y3SAX",
    "url": "https://slackb.com/traces/v1/list_of_spans/json",
    "method": "POST",
    "headers": {
      "sec-ch-ua": "\"Chromium\";v=\"123\", \"Not:A-Brand\";v=\"8\"",
      "sec-ch-ua-platform": "\"Linux\"",
      "referer": "",
      "sec-ch-ua-mobile": "?0",
      "user-agent": "Mozilla/5.0 (X11; Linux x86_64) AppleWebKit/537.36 (KHTML, like Gecko) Chrome/123.0.0.0 Safari/537.36",
      "content-type": "text/plain;charset=UTF-8",
      "accept": "*/*",
      "origin": "https://app.slack.com"
    }
  },
  {
    "pageUrl": "https://app.slack.com/client/T06VC4Y3SAX",
    "url": "https://slackb.com/traces/v1/list_of_spans/json",
    "method": "POST",
    "headers": {
      "sec-ch-ua": "\"Chromium\";v=\"123\", \"Not:A-Brand\";v=\"8\"",
      "sec-ch-ua-platform": "\"Linux\"",
      "referer": "",
      "sec-ch-ua-mobile": "?0",
      "user-agent": "Mozilla/5.0 (X11; Linux x86_64) AppleWebKit/537.36 (KHTML, like Gecko) Chrome/123.0.0.0 Safari/537.36",
      "content-type": "text/plain;charset=UTF-8",
      "accept": "*/*",
      "origin": "https://app.slack.com"
    }
  },
  {
    "pageUrl": "https://app.slack.com/client/T06VC4Y3SAX",
    "url": "https://slackb.com/traces/v1/list_of_spans/json",
    "method": "POST",
    "headers": {
      "sec-ch-ua": "\"Chromium\";v=\"123\", \"Not:A-Brand\";v=\"8\"",
      "sec-ch-ua-platform": "\"Linux\"",
      "referer": "",
      "sec-ch-ua-mobile": "?0",
      "user-agent": "Mozilla/5.0 (X11; Linux x86_64) AppleWebKit/537.36 (KHTML, like Gecko) Chrome/123.0.0.0 Safari/537.36",
      "content-type": "text/plain;charset=UTF-8",
      "accept": "*/*",
      "origin": "https://app.slack.com"
    }
  },
  {
    "pageUrl": "https://app.slack.com/client/T06VC4Y3SAX",
    "url": "https://slackb.com/traces/v1/list_of_spans/json",
    "method": "POST",
    "headers": {
      "sec-ch-ua": "\"Chromium\";v=\"123\", \"Not:A-Brand\";v=\"8\"",
      "sec-ch-ua-platform": "\"Linux\"",
      "referer": "",
      "sec-ch-ua-mobile": "?0",
      "user-agent": "Mozilla/5.0 (X11; Linux x86_64) AppleWebKit/537.36 (KHTML, like Gecko) Chrome/123.0.0.0 Safari/537.36",
      "content-type": "text/plain;charset=UTF-8",
      "accept": "*/*",
      "origin": "https://app.slack.com"
    }
  },
  {
    "pageUrl": "https://app.slack.com/client/T06VC4Y3SAX",
    "url": "https://slackb.com/traces/v1/list_of_spans/json",
    "method": "POST",
    "headers": {
      "sec-ch-ua": "\"Chromium\";v=\"123\", \"Not:A-Brand\";v=\"8\"",
      "sec-ch-ua-platform": "\"Linux\"",
      "referer": "",
      "sec-ch-ua-mobile": "?0",
      "user-agent": "Mozilla/5.0 (X11; Linux x86_64) AppleWebKit/537.36 (KHTML, like Gecko) Chrome/123.0.0.0 Safari/537.36",
      "content-type": "text/plain;charset=UTF-8",
      "accept": "*/*",
      "origin": "https://app.slack.com"
    }
  },
  {
    "pageUrl": "https://app.slack.com/client/T06VC4Y3SAX",
    "url": "https://slackb.com/traces/v1/list_of_spans/json",
    "method": "POST",
    "headers": {
      "sec-ch-ua": "\"Chromium\";v=\"123\", \"Not:A-Brand\";v=\"8\"",
      "sec-ch-ua-platform": "\"Linux\"",
      "referer": "",
      "sec-ch-ua-mobile": "?0",
      "user-agent": "Mozilla/5.0 (X11; Linux x86_64) AppleWebKit/537.36 (KHTML, like Gecko) Chrome/123.0.0.0 Safari/537.36",
      "content-type": "text/plain;charset=UTF-8",
      "accept": "*/*",
      "origin": "https://app.slack.com"
    }
  },
  {
    "pageUrl": "https://app.slack.com/client/T06VC4Y3SAX",
    "url": "https://slackb.com/traces/v1/list_of_spans/json",
    "method": "POST",
    "headers": {
      "sec-ch-ua": "\"Chromium\";v=\"123\", \"Not:A-Brand\";v=\"8\"",
      "sec-ch-ua-platform": "\"Linux\"",
      "referer": "",
      "sec-ch-ua-mobile": "?0",
      "user-agent": "Mozilla/5.0 (X11; Linux x86_64) AppleWebKit/537.36 (KHTML, like Gecko) Chrome/123.0.0.0 Safari/537.36",
      "content-type": "text/plain;charset=UTF-8",
      "accept": "*/*",
      "origin": "https://app.slack.com"
    }
  },
  {
    "pageUrl": "https://app.slack.com/client/T06VC4Y3SAX",
    "url": "https://slackb.com/traces/v1/list_of_spans/json",
    "method": "POST",
    "headers": {
      "sec-ch-ua": "\"Chromium\";v=\"123\", \"Not:A-Brand\";v=\"8\"",
      "sec-ch-ua-platform": "\"Linux\"",
      "referer": "",
      "sec-ch-ua-mobile": "?0",
      "user-agent": "Mozilla/5.0 (X11; Linux x86_64) AppleWebKit/537.36 (KHTML, like Gecko) Chrome/123.0.0.0 Safari/537.36",
      "content-type": "text/plain;charset=UTF-8",
      "accept": "*/*",
      "origin": "https://app.slack.com"
    }
  },
  {
    "pageUrl": "https://app.slack.com/client/T06VC4Y3SAX",
    "url": "https://slackb.com/traces/v1/list_of_spans/json",
    "method": "POST",
    "headers": {
      "sec-ch-ua": "\"Chromium\";v=\"123\", \"Not:A-Brand\";v=\"8\"",
      "sec-ch-ua-platform": "\"Linux\"",
      "referer": "",
      "sec-ch-ua-mobile": "?0",
      "user-agent": "Mozilla/5.0 (X11; Linux x86_64) AppleWebKit/537.36 (KHTML, like Gecko) Chrome/123.0.0.0 Safari/537.36",
      "content-type": "text/plain;charset=UTF-8",
      "accept": "*/*",
      "origin": "https://app.slack.com"
    }
  },
  {
    "pageUrl": "https://app.slack.com/client/T06VC4Y3SAX",
    "url": "https://slackb.com/traces/v1/list_of_spans/json",
    "method": "POST",
    "headers": {
      "sec-ch-ua": "\"Chromium\";v=\"123\", \"Not:A-Brand\";v=\"8\"",
      "sec-ch-ua-platform": "\"Linux\"",
      "referer": "",
      "sec-ch-ua-mobile": "?0",
      "user-agent": "Mozilla/5.0 (X11; Linux x86_64) AppleWebKit/537.36 (KHTML, like Gecko) Chrome/123.0.0.0 Safari/537.36",
      "content-type": "text/plain;charset=UTF-8",
      "accept": "*/*",
      "origin": "https://app.slack.com"
    }
  },
  {
    "pageUrl": "https://app.slack.com/client/T06VC4Y3SAX",
    "url": "https://slackb.com/traces/v1/list_of_spans/json",
    "method": "POST",
    "headers": {
      "sec-ch-ua": "\"Chromium\";v=\"123\", \"Not:A-Brand\";v=\"8\"",
      "sec-ch-ua-platform": "\"Linux\"",
      "referer": "",
      "sec-ch-ua-mobile": "?0",
      "user-agent": "Mozilla/5.0 (X11; Linux x86_64) AppleWebKit/537.36 (KHTML, like Gecko) Chrome/123.0.0.0 Safari/537.36",
      "content-type": "text/plain;charset=UTF-8",
      "accept": "*/*",
      "origin": "https://app.slack.com"
    }
  },
  {
    "pageUrl": "https://app.slack.com/client/T06VC4Y3SAX",
    "url": "https://slackb.com/traces/v1/list_of_spans/json",
    "method": "POST",
    "headers": {
      "sec-ch-ua": "\"Chromium\";v=\"123\", \"Not:A-Brand\";v=\"8\"",
      "sec-ch-ua-platform": "\"Linux\"",
      "referer": "",
      "sec-ch-ua-mobile": "?0",
      "user-agent": "Mozilla/5.0 (X11; Linux x86_64) AppleWebKit/537.36 (KHTML, like Gecko) Chrome/123.0.0.0 Safari/537.36",
      "content-type": "text/plain;charset=UTF-8",
      "accept": "*/*",
      "origin": "https://app.slack.com"
    }
  },
  {
    "pageUrl": "https://app.slack.com/client/T06VC4Y3SAX",
    "url": "https://slackb.com/traces/v1/list_of_spans/json",
    "method": "POST",
    "headers": {
      "sec-ch-ua": "\"Chromium\";v=\"123\", \"Not:A-Brand\";v=\"8\"",
      "sec-ch-ua-platform": "\"Linux\"",
      "referer": "",
      "sec-ch-ua-mobile": "?0",
      "user-agent": "Mozilla/5.0 (X11; Linux x86_64) AppleWebKit/537.36 (KHTML, like Gecko) Chrome/123.0.0.0 Safari/537.36",
      "content-type": "text/plain;charset=UTF-8",
      "accept": "*/*",
      "origin": "https://app.slack.com"
    }
  },
  {
    "pageUrl": "https://app.slack.com/client/T06VC4Y3SAX",
    "url": "https://slackb.com/traces/v1/list_of_spans/json",
    "method": "POST",
    "headers": {
      "sec-ch-ua": "\"Chromium\";v=\"123\", \"Not:A-Brand\";v=\"8\"",
      "sec-ch-ua-platform": "\"Linux\"",
      "referer": "",
      "sec-ch-ua-mobile": "?0",
      "user-agent": "Mozilla/5.0 (X11; Linux x86_64) AppleWebKit/537.36 (KHTML, like Gecko) Chrome/123.0.0.0 Safari/537.36",
      "content-type": "text/plain;charset=UTF-8",
      "accept": "*/*",
      "origin": "https://app.slack.com"
    }
  },
  {
    "pageUrl": "https://app.slack.com/client/T06VC4Y3SAX",
    "url": "https://slackb.com/traces/v1/list_of_spans/json",
    "method": "POST",
    "headers": {
      "sec-ch-ua": "\"Chromium\";v=\"123\", \"Not:A-Brand\";v=\"8\"",
      "sec-ch-ua-platform": "\"Linux\"",
      "referer": "",
      "sec-ch-ua-mobile": "?0",
      "user-agent": "Mozilla/5.0 (X11; Linux x86_64) AppleWebKit/537.36 (KHTML, like Gecko) Chrome/123.0.0.0 Safari/537.36",
      "content-type": "text/plain;charset=UTF-8",
      "accept": "*/*",
      "origin": "https://app.slack.com"
    }
  },
  {
    "pageUrl": "https://app.slack.com/client/T06VC4Y3SAX",
    "url": "https://slackb.com/traces/v1/list_of_spans/json",
    "method": "POST",
    "headers": {
      "sec-ch-ua": "\"Chromium\";v=\"123\", \"Not:A-Brand\";v=\"8\"",
      "sec-ch-ua-platform": "\"Linux\"",
      "referer": "",
      "sec-ch-ua-mobile": "?0",
      "user-agent": "Mozilla/5.0 (X11; Linux x86_64) AppleWebKit/537.36 (KHTML, like Gecko) Chrome/123.0.0.0 Safari/537.36",
      "content-type": "text/plain;charset=UTF-8",
      "accept": "*/*",
      "origin": "https://app.slack.com"
    }
  },
  {
    "pageUrl": "https://app.slack.com/client/T06VC4Y3SAX",
    "url": "https://slackb.com/traces/v1/list_of_spans/json",
    "method": "POST",
    "headers": {
      "sec-ch-ua": "\"Chromium\";v=\"123\", \"Not:A-Brand\";v=\"8\"",
      "sec-ch-ua-platform": "\"Linux\"",
      "referer": "",
      "sec-ch-ua-mobile": "?0",
      "user-agent": "Mozilla/5.0 (X11; Linux x86_64) AppleWebKit/537.36 (KHTML, like Gecko) Chrome/123.0.0.0 Safari/537.36",
      "content-type": "text/plain;charset=UTF-8",
      "accept": "*/*",
      "origin": "https://app.slack.com"
    }
  },
  {
    "pageUrl": "https://app.slack.com/client/T06VC4Y3SAX",
    "url": "https://slackb.com/traces/v1/list_of_spans/json",
    "method": "POST",
    "headers": {
      "sec-ch-ua": "\"Chromium\";v=\"123\", \"Not:A-Brand\";v=\"8\"",
      "sec-ch-ua-platform": "\"Linux\"",
      "referer": "",
      "sec-ch-ua-mobile": "?0",
      "user-agent": "Mozilla/5.0 (X11; Linux x86_64) AppleWebKit/537.36 (KHTML, like Gecko) Chrome/123.0.0.0 Safari/537.36",
      "content-type": "text/plain;charset=UTF-8",
      "accept": "*/*",
      "origin": "https://app.slack.com"
    }
  },
  {
    "pageUrl": "https://app.slack.com/client/T06VC4Y3SAX",
    "url": "https://slackb.com/traces/v1/list_of_spans/json",
    "method": "POST",
    "headers": {
      "sec-ch-ua": "\"Chromium\";v=\"123\", \"Not:A-Brand\";v=\"8\"",
      "sec-ch-ua-platform": "\"Linux\"",
      "referer": "",
      "sec-ch-ua-mobile": "?0",
      "user-agent": "Mozilla/5.0 (X11; Linux x86_64) AppleWebKit/537.36 (KHTML, like Gecko) Chrome/123.0.0.0 Safari/537.36",
      "content-type": "text/plain;charset=UTF-8",
      "accept": "*/*",
      "origin": "https://app.slack.com"
    }
  },
  {
    "pageUrl": "https://app.slack.com/client/T06VC4Y3SAX",
    "url": "https://slackb.com/traces/v1/list_of_spans/json",
    "method": "POST",
    "headers": {
      "sec-ch-ua": "\"Chromium\";v=\"123\", \"Not:A-Brand\";v=\"8\"",
      "sec-ch-ua-platform": "\"Linux\"",
      "referer": "",
      "sec-ch-ua-mobile": "?0",
      "user-agent": "Mozilla/5.0 (X11; Linux x86_64) AppleWebKit/537.36 (KHTML, like Gecko) Chrome/123.0.0.0 Safari/537.36",
      "content-type": "text/plain;charset=UTF-8",
      "accept": "*/*",
      "origin": "https://app.slack.com"
    }
  },
  {
    "pageUrl": "https://app.slack.com/client/T06VC4Y3SAX",
    "url": "https://slackb.com/traces/v1/list_of_spans/json",
    "method": "POST",
    "headers": {
      "sec-ch-ua": "\"Chromium\";v=\"123\", \"Not:A-Brand\";v=\"8\"",
      "sec-ch-ua-platform": "\"Linux\"",
      "referer": "",
      "sec-ch-ua-mobile": "?0",
      "user-agent": "Mozilla/5.0 (X11; Linux x86_64) AppleWebKit/537.36 (KHTML, like Gecko) Chrome/123.0.0.0 Safari/537.36",
      "content-type": "text/plain;charset=UTF-8",
      "accept": "*/*",
      "origin": "https://app.slack.com"
    }
  },
  {
    "pageUrl": "https://app.slack.com/client/T06VC4Y3SAX",
    "url": "https://slackb.com/traces/v1/list_of_spans/json",
    "method": "POST",
    "headers": {
      "sec-ch-ua": "\"Chromium\";v=\"123\", \"Not:A-Brand\";v=\"8\"",
      "sec-ch-ua-platform": "\"Linux\"",
      "referer": "",
      "sec-ch-ua-mobile": "?0",
      "user-agent": "Mozilla/5.0 (X11; Linux x86_64) AppleWebKit/537.36 (KHTML, like Gecko) Chrome/123.0.0.0 Safari/537.36",
      "content-type": "text/plain;charset=UTF-8",
      "accept": "*/*",
      "origin": "https://app.slack.com"
    }
  },
  {
    "pageUrl": "https://app.slack.com/client/T06VC4Y3SAX",
    "url": "https://slackb.com/traces/v1/list_of_spans/json",
    "method": "POST",
    "headers": {
      "sec-ch-ua": "\"Chromium\";v=\"123\", \"Not:A-Brand\";v=\"8\"",
      "sec-ch-ua-platform": "\"Linux\"",
      "referer": "",
      "sec-ch-ua-mobile": "?0",
      "user-agent": "Mozilla/5.0 (X11; Linux x86_64) AppleWebKit/537.36 (KHTML, like Gecko) Chrome/123.0.0.0 Safari/537.36",
      "content-type": "text/plain;charset=UTF-8",
      "accept": "*/*",
      "origin": "https://app.slack.com"
    }
  },
  {
    "pageUrl": "https://app.slack.com/client/T06VC4Y3SAX",
    "url": "https://slackb.com/traces/v1/list_of_spans/json",
    "method": "POST",
    "headers": {
      "sec-ch-ua": "\"Chromium\";v=\"123\", \"Not:A-Brand\";v=\"8\"",
      "sec-ch-ua-platform": "\"Linux\"",
      "referer": "",
      "sec-ch-ua-mobile": "?0",
      "user-agent": "Mozilla/5.0 (X11; Linux x86_64) AppleWebKit/537.36 (KHTML, like Gecko) Chrome/123.0.0.0 Safari/537.36",
      "content-type": "text/plain;charset=UTF-8",
      "accept": "*/*",
      "origin": "https://app.slack.com"
    }
  },
  {
    "pageUrl": "https://app.slack.com/client/T06VC4Y3SAX",
    "url": "https://slackb.com/traces/v1/list_of_spans/json",
    "method": "POST",
    "headers": {
      "sec-ch-ua": "\"Chromium\";v=\"123\", \"Not:A-Brand\";v=\"8\"",
      "sec-ch-ua-platform": "\"Linux\"",
      "referer": "",
      "sec-ch-ua-mobile": "?0",
      "user-agent": "Mozilla/5.0 (X11; Linux x86_64) AppleWebKit/537.36 (KHTML, like Gecko) Chrome/123.0.0.0 Safari/537.36",
      "content-type": "text/plain;charset=UTF-8",
      "accept": "*/*",
      "origin": "https://app.slack.com"
    }
  },
  {
    "pageUrl": "https://app.slack.com/client/T06VC4Y3SAX",
    "url": "https://slackb.com/traces/v1/list_of_spans/json",
    "method": "POST",
    "headers": {
      "sec-ch-ua": "\"Chromium\";v=\"123\", \"Not:A-Brand\";v=\"8\"",
      "sec-ch-ua-platform": "\"Linux\"",
      "referer": "",
      "sec-ch-ua-mobile": "?0",
      "user-agent": "Mozilla/5.0 (X11; Linux x86_64) AppleWebKit/537.36 (KHTML, like Gecko) Chrome/123.0.0.0 Safari/537.36",
      "content-type": "text/plain;charset=UTF-8",
      "accept": "*/*",
      "origin": "https://app.slack.com"
    }
  },
  {
    "pageUrl": "https://app.slack.com/client/T06VC4Y3SAX/C070M25BU2U",
    "url": "https://slackb.com/traces/v1/list_of_spans/json",
    "method": "POST",
    "headers": {
      "sec-ch-ua": "\"Chromium\";v=\"123\", \"Not:A-Brand\";v=\"8\"",
      "sec-ch-ua-platform": "\"Linux\"",
      "referer": "",
      "sec-ch-ua-mobile": "?0",
      "user-agent": "Mozilla/5.0 (X11; Linux x86_64) AppleWebKit/537.36 (KHTML, like Gecko) Chrome/123.0.0.0 Safari/537.36",
      "content-type": "text/plain;charset=UTF-8",
      "accept": "*/*",
      "origin": "https://app.slack.com"
    }
  },
  {
    "pageUrl": "https://app.slack.com/client/T06VC4Y3SAX/C070M25BU2U",
    "url": "https://slack.com/beacon/error",
    "method": "POST",
    "headers": {
      "sec-ch-ua": "\"Chromium\";v=\"123\", \"Not:A-Brand\";v=\"8\"",
      "sec-ch-ua-platform": "\"Linux\"",
      "referer": "",
      "sec-ch-ua-mobile": "?0",
      "user-agent": "Mozilla/5.0 (X11; Linux x86_64) AppleWebKit/537.36 (KHTML, like Gecko) Chrome/123.0.0.0 Safari/537.36",
      "content-type": "application/x-www-form-urlencoded",
      "accept": "*/*",
      "origin": "https://app.slack.com"
    }
  },
  {
    "pageUrl": "https://app.slack.com/client/T06VC4Y3SAX/C070M25BU2U",
    "url": "https://slackb.com/traces/v1/list_of_spans/json",
    "method": "POST",
    "headers": {
      "sec-ch-ua": "\"Chromium\";v=\"123\", \"Not:A-Brand\";v=\"8\"",
      "sec-ch-ua-platform": "\"Linux\"",
      "referer": "",
      "sec-ch-ua-mobile": "?0",
      "user-agent": "Mozilla/5.0 (X11; Linux x86_64) AppleWebKit/537.36 (KHTML, like Gecko) Chrome/123.0.0.0 Safari/537.36",
      "content-type": "text/plain;charset=UTF-8",
      "accept": "*/*",
      "origin": "https://app.slack.com"
    }
  },
  {
    "pageUrl": "https://app.slack.com/client/T06VC4Y3SAX/C070M25BU2U",
    "url": "https://slack.com/beacon/error",
    "method": "POST",
    "headers": {
      "sec-ch-ua": "\"Chromium\";v=\"123\", \"Not:A-Brand\";v=\"8\"",
      "sec-ch-ua-platform": "\"Linux\"",
      "referer": "",
      "sec-ch-ua-mobile": "?0",
      "user-agent": "Mozilla/5.0 (X11; Linux x86_64) AppleWebKit/537.36 (KHTML, like Gecko) Chrome/123.0.0.0 Safari/537.36",
      "content-type": "application/x-www-form-urlencoded",
      "accept": "*/*",
      "origin": "https://app.slack.com"
    }
  },
  {
    "pageUrl": "https://app.slack.com/client/T06VC4Y3SAX/C070M25BU2U",
    "url": "https://slack.com/beacon/timing?ver=1713757946&session_age=30&session_id=2ecb0f0e-e427-49c1-a91f-7bba3d71c761&sub_app_name=client&data=client_boot_mount_attempt%7Ccount%3A1%3Bmvp_start_2%7Ccount%3A1%3Bapiq_matching_request_users.interactions.list%7Ccount%3A1%3Bsw_activate_duration%7Ctiming%3A6%3Bsonic_boot_completed%7Ccount%3A1",
    "method": "GET",
    "headers": {
      "sec-ch-ua": "\"Chromium\";v=\"123\", \"Not:A-Brand\";v=\"8\"",
      "referer": "",
      "sec-ch-ua-mobile": "?0",
      "user-agent": "Mozilla/5.0 (X11; Linux x86_64) AppleWebKit/537.36 (KHTML, like Gecko) Chrome/123.0.0.0 Safari/537.36",
      "sec-ch-ua-platform": "\"Linux\"",
      "accept": "image/avif,image/webp,image/apng,image/svg+xml,image/*,*/*;q=0.8",
      "cookie": "x=456d02ee73a4cb72a8b16a1ebc4b4cd8.1713760650; d=xoxd-hL13VvGr6xb%2BK7IwB64ElboiLrddcX8uJ5mV%2Fz37xrScy43gkvfqtevVz68FOhoQdNZgVC3VR9T2vUXF2QD%2FNOkpLrGpHZmqxuTZVWPXsuHmYuasSzkqHa6F8rgDSSIGIUrkdnoL4zMXHvC%2FzFj9Z6uEdGZNTUJkqkA%2Bcr7oGs7my2bcLcecStD2iL5H5ZSPckasLvwnBc0%3D; lc=1713760678; d-s=1713760678; b=.456d02ee73a4cb72a8b16a1ebc4b4cd8; tz=-300"
    }
  },
  {
    "pageUrl": "https://app.slack.com/client/T06VC4Y3SAX/C070M25BU2U",
    "url": "https://slack.com/beacon/timing?user_id=U06V5K7DBSA&team_id=T06VC4Y3SAX&ver=1713757946&session_age=30&session_id=2ecb0f0e-e427-49c1-a91f-7bba3d71c761&sub_app_name=client&data=initializing_regular_socket_v1%7Ccount%3A1%3Bsm_flow_connect_prov_10%7Ccount%3A1%3Bufm_members_fetch%7Ccount%3A2%3Bclient_boot_mount_success%7Ccount%3A1%3Bsm_flow_connected_prov_connected%7Ccount%3A1%3Bsm_flow_finalize_prov_10%7Ccount%3A1%3Bsm_flow_primary_connected_10%7Ccount%3A1%3Bsm_flow_finalize_prov_ok_10%7Ccount%3A1%3B%5BRESTORE_FOCUS%5D_element_not_in_dom%7Ccount%3A1%3B%5BRESTORE_FOCUS%5D_fallback_primary_view%7Ccount%3A1%3Bttfmp_sonic_cold%7Ctiming%3A26831%3Bprq_time_to_visible%7Ctiming%3A27190.4%3Bprq_time_to_visible_cold%7Ctiming%3A27190.4%3Bmodern-searcher-matching%7Ctiming%3A0.2%3Bmodern-searcher-frecency-sort%7Ctiming%3A0.5%3Bmodern-searcher-sorting%7Ctiming%3A0.8%3Bsorter-sort%7Ctiming%3A3.5%3Bprq_time_to_usable%7Ctiming%3A27260.9%3Bprq_time_to_usable_cold%7Ctiming%3A27260.9%3Bmembership-update%7Ctiming%3A180.5",
    "method": "GET",
    "headers": {
      "sec-ch-ua": "\"Chromium\";v=\"123\", \"Not:A-Brand\";v=\"8\"",
      "referer": "",
      "sec-ch-ua-mobile": "?0",
      "user-agent": "Mozilla/5.0 (X11; Linux x86_64) AppleWebKit/537.36 (KHTML, like Gecko) Chrome/123.0.0.0 Safari/537.36",
      "sec-ch-ua-platform": "\"Linux\"",
      "accept": "image/avif,image/webp,image/apng,image/svg+xml,image/*,*/*;q=0.8",
      "cookie": "x=456d02ee73a4cb72a8b16a1ebc4b4cd8.1713760650; d=xoxd-hL13VvGr6xb%2BK7IwB64ElboiLrddcX8uJ5mV%2Fz37xrScy43gkvfqtevVz68FOhoQdNZgVC3VR9T2vUXF2QD%2FNOkpLrGpHZmqxuTZVWPXsuHmYuasSzkqHa6F8rgDSSIGIUrkdnoL4zMXHvC%2FzFj9Z6uEdGZNTUJkqkA%2Bcr7oGs7my2bcLcecStD2iL5H5ZSPckasLvwnBc0%3D; lc=1713760678; d-s=1713760678; b=.456d02ee73a4cb72a8b16a1ebc4b4cd8; tz=-300"
    }
  },
  {
    "pageUrl": "https://app.slack.com/client/T06VC4Y3SAX/C070M25BU2U",
    "url": "https://slack-vdi1640.slack.com/clog/track/",
    "method": "POST",
    "headers": {
      "sec-ch-ua": "\"Chromium\";v=\"123\", \"Not:A-Brand\";v=\"8\"",
      "sec-ch-ua-platform": "\"Linux\"",
      "referer": "",
      "sec-ch-ua-mobile": "?0",
      "user-agent": "Mozilla/5.0 (X11; Linux x86_64) AppleWebKit/537.36 (KHTML, like Gecko) Chrome/123.0.0.0 Safari/537.36",
      "content-type": "multipart/form-data; boundary=----WebKitFormBoundaryEAdvouj5KUHPdSPE",
      "accept": "*/*",
      "origin": "https://app.slack.com"
    }
  },
  {
    "pageUrl": "https://app.slack.com/client/T06VC4Y3SAX/C070M25BU2U",
    "url": "https://slack-vdi1640.slack.com/clog/track/",
    "method": "POST",
    "headers": {
      "sec-ch-ua": "\"Chromium\";v=\"123\", \"Not:A-Brand\";v=\"8\"",
      "sec-ch-ua-platform": "\"Linux\"",
      "referer": "",
      "sec-ch-ua-mobile": "?0",
      "user-agent": "Mozilla/5.0 (X11; Linux x86_64) AppleWebKit/537.36 (KHTML, like Gecko) Chrome/123.0.0.0 Safari/537.36",
      "content-type": "multipart/form-data; boundary=----WebKitFormBoundaryjbXi8SjoK4bDAL6l",
      "accept": "*/*",
      "origin": "https://app.slack.com"
    }
  },
  {
    "pageUrl": "https://app.slack.com/client/T06VC4Y3SAX/C070M25BU2U",
    "url": "https://slack-vdi1640.slack.com/clog/track/",
    "method": "POST",
    "headers": {
      "sec-ch-ua": "\"Chromium\";v=\"123\", \"Not:A-Brand\";v=\"8\"",
      "sec-ch-ua-platform": "\"Linux\"",
      "referer": "",
      "sec-ch-ua-mobile": "?0",
      "user-agent": "Mozilla/5.0 (X11; Linux x86_64) AppleWebKit/537.36 (KHTML, like Gecko) Chrome/123.0.0.0 Safari/537.36",
      "content-type": "multipart/form-data; boundary=----WebKitFormBoundaryQSbkq6lR28VA6TED",
      "accept": "*/*",
      "origin": "https://app.slack.com"
    }
  },
  {
    "pageUrl": "https://app.slack.com/client/T06VC4Y3SAX/C070M25BU2U",
    "url": "https://slack-vdi1640.slack.com/clog/track/",
    "method": "POST",
    "headers": {
      "sec-ch-ua": "\"Chromium\";v=\"123\", \"Not:A-Brand\";v=\"8\"",
      "sec-ch-ua-platform": "\"Linux\"",
      "referer": "",
      "sec-ch-ua-mobile": "?0",
      "user-agent": "Mozilla/5.0 (X11; Linux x86_64) AppleWebKit/537.36 (KHTML, like Gecko) Chrome/123.0.0.0 Safari/537.36",
      "content-type": "multipart/form-data; boundary=----WebKitFormBoundary89exTQShVvSAUfJg",
      "accept": "*/*",
      "origin": "https://app.slack.com"
    }
  }
]