[
  {
    "pageUrl": "https://discord.com/",
    "url": "https://www.googletagmanager.com/gtm.js?id=GTM-N7BVC2W&gtm_auth=GI0g9O-54_SitcgmxQKxlA&gtm_preview=env-2&gtm_cookies_win=x",
    "method": "GET",
    "headers": {
      "sec-ch-ua": "\"Chromium\";v=\"123\", \"Not:A-Brand\";v=\"8\"",
      "referer": "https://discord.com/",
      "sec-ch-ua-mobile": "?0",
      "user-agent": "Mozilla/5.0 (X11; Linux x86_64) AppleWebKit/537.36 (KHTML, like Gecko) Chrome/123.0.0.0 Safari/537.36",
      "sec-ch-ua-platform": "\"Linux\"",
      "accept": "*/*"
    }
  },
  {
    "pageUrl": "https://discord.com/",
    "url": "https://www.googletagmanager.com/gtm.js?id=GTM-N7BVC2W&gtm_auth=GI0g9O-54_SitcgmxQKxlA&gtm_preview=env-2&gtm_cookies_win=x",
    "method": "GET",
    "headers": {
      "sec-ch-ua": "\"Chromium\";v=\"123\", \"Not:A-Brand\";v=\"8\"",
      "referer": "https://discord.com/",
      "sec-ch-ua-mobile": "?0",
      "user-agent": "Mozilla/5.0 (X11; Linux x86_64) AppleWebKit/537.36 (KHTML, like Gecko) Chrome/123.0.0.0 Safari/537.36",
      "sec-ch-ua-platform": "\"Linux\"",
      "accept": "*/*"
    }
  },
  {
    "pageUrl": "https://discord.com/",
    "url": "https://www.googletagmanager.com/gtm.js?id=GTM-N7BVC2W&gtm_auth=GI0g9O-54_SitcgmxQKxlA&gtm_preview=env-2&gtm_cookies_win=x",
    "method": "GET",
    "headers": {
      "sec-ch-ua": "\"Chromium\";v=\"123\", \"Not:A-Brand\";v=\"8\"",
      "referer": "https://discord.com/",
      "sec-ch-ua-mobile": "?0",
      "user-agent": "Mozilla/5.0 (X11; Linux x86_64) AppleWebKit/537.36 (KHTML, like Gecko) Chrome/123.0.0.0 Safari/537.36",
      "sec-ch-ua-platform": "\"Linux\"",
      "accept": "*/*"
    }
  }
]