[
  {
    "pageUrl": "https://wordpress.com/",
    "url": "https://stats.wp.com/w.js?67",
    "method": "GET",
    "headers": {
      "sec-ch-ua": "\"Chromium\";v=\"123\", \"Not:A-Brand\";v=\"8\"",
      "referer": "https://wordpress.com/",
      "sec-ch-ua-mobile": "?0",
      "user-agent": "Mozilla/5.0 (X11; Linux x86_64) AppleWebKit/537.36 (KHTML, like Gecko) Chrome/123.0.0.0 Safari/537.36",
      "sec-ch-ua-platform": "\"Linux\"",
      "accept": "*/*"
    }
  },
  {
    "pageUrl": "https://wordpress.com/",
    "url": "https://stats.wp.com/w.js?64",
    "method": "GET",
    "headers": {
      "sec-ch-ua": "\"Chromium\";v=\"123\", \"Not:A-Brand\";v=\"8\"",
      "referer": "https://wordpress.com/",
      "sec-ch-ua-mobile": "?0",
      "user-agent": "Mozilla/5.0 (X11; Linux x86_64) AppleWebKit/537.36 (KHTML, like Gecko) Chrome/123.0.0.0 Safari/537.36",
      "sec-ch-ua-platform": "\"Linux\"",
      "accept": "*/*"
    }
  },
  {
    "pageUrl": "https://wordpress.com/",
    "url": "https://pixel.wp.com/b.gif?subd=wordpress.com&host=wordpress.com&blog=1&v=wpcom&user_id=0&tz=0&rand=0.8254604137647332",
    "method": "GET",
    "headers": {
      "sec-ch-ua": "\"Chromium\";v=\"123\", \"Not:A-Brand\";v=\"8\"",
      "referer": "https://wordpress.com/",
      "sec-ch-ua-mobile": "?0",
      "user-agent": "Mozilla/5.0 (X11; Linux x86_64) AppleWebKit/537.36 (KHTML, like Gecko) Chrome/123.0.0.0 Safari/537.36",
      "sec-ch-ua-platform": "\"Linux\"",
      "accept": "image/avif,image/webp,image/apng,image/svg+xml,image/*,*/*;q=0.8"
    }
  },
  {
    "pageUrl": "https://wordpress.com/",
    "url": "https://s0.wp.com/wp-content/mu-plugins/a8c-analytics/a8c-analytics.js?v=1712316471",
    "method": "GET",
    "headers": {
      "sec-ch-ua": "\"Chromium\";v=\"123\", \"Not:A-Brand\";v=\"8\"",
      "referer": "https://wordpress.com/",
      "sec-ch-ua-mobile": "?0",
      "user-agent": "Mozilla/5.0 (X11; Linux x86_64) AppleWebKit/537.36 (KHTML, like Gecko) Chrome/123.0.0.0 Safari/537.36",
      "sec-ch-ua-platform": "\"Linux\"",
      "accept": "*/*"
    }
  },
  {
    "pageUrl": "https://wordpress.com/",
    "url": "https://public-api.wordpress.com/geo/",
    "method": "GET",
    "headers": {
      "sec-ch-ua": "\"Chromium\";v=\"123\", \"Not:A-Brand\";v=\"8\"",
      "referer": "https://wordpress.com/",
      "sec-ch-ua-mobile": "?0",
      "user-agent": "Mozilla/5.0 (X11; Linux x86_64) AppleWebKit/537.36 (KHTML, like Gecko) Chrome/123.0.0.0 Safari/537.36",
      "sec-ch-ua-platform": "\"Linux\"",
      "accept": "*/*",
      "origin": "https://wordpress.com"
    }
  },
  {
    "pageUrl": "https://wordpress.com/",
    "url": "https://public-api.wordpress.com/geo/?_=1713760311008",
    "method": "GET",
    "headers": {
      "sec-ch-ua": "\"Chromium\";v=\"123\", \"Not:A-Brand\";v=\"8\"",
      "referer": "https://wordpress.com/",
      "sec-ch-ua-mobile": "?0",
      "user-agent": "Mozilla/5.0 (X11; Linux x86_64) AppleWebKit/537.36 (KHTML, like Gecko) Chrome/123.0.0.0 Safari/537.36",
      "sec-ch-ua-platform": "\"Linux\"",
      "accept": "*/*",
      "origin": "https://wordpress.com"
    }
  },
  {
    "pageUrl": "https://wordpress.com/",
    "url": "https://refer.wordpress.com/wp-content/themes/refer-wordpress/assets/js/referrals.min.js?v=20190410",
    "method": "GET",
    "headers": {
      "sec-ch-ua": "\"Chromium\";v=\"123\", \"Not:A-Brand\";v=\"8\"",
      "referer": "https://wordpress.com/",
      "sec-ch-ua-mobile": "?0",
      "user-agent": "Mozilla/5.0 (X11; Linux x86_64) AppleWebKit/537.36 (KHTML, like Gecko) Chrome/123.0.0.0 Safari/537.36",
      "sec-ch-ua-platform": "\"Linux\"",
      "accept": "*/*",
      "cookie": "tk_ai=nbOZ6mkvDlnZm5zWdIBqbxZ%2F; tk_ai_explat=nbOZ6mkvDlnZm5zWdIBqbxZ%2F; tk_qs=_en%3Dwpcom_experiment_variation_assigned%26_ut%3Danon%26_ui%3DnbOZ6mkvDlnZm5zWdIBqbxZ%252F%26_ts%3D1713760310554%26experiment_id%3D21731%26experiment_variation_id%3D3979%26reason%3Dset_by_anon_id; explat_test_aa_weekly_lohp_2024_week_17=treatment; ccpa_applies=false; usprivacy=1---"
    }
  },
  {
    "pageUrl": "https://wordpress.com/",
    "url": "https://www.googletagmanager.com/gtag/js?id=G-1H4VG5F5JF",
    "method": "GET",
    "headers": {
      "sec-ch-ua": "\"Chromium\";v=\"123\", \"Not:A-Brand\";v=\"8\"",
      "referer": "https://wordpress.com/",
      "sec-ch-ua-mobile": "?0",
      "user-agent": "Mozilla/5.0 (X11; Linux x86_64) AppleWebKit/537.36 (KHTML, like Gecko) Chrome/123.0.0.0 Safari/537.36",
      "sec-ch-ua-platform": "\"Linux\"",
      "accept": "*/*"
    }
  },
  {
    "pageUrl": "https://wordpress.com/",
    "url": "https://connect.facebook.net/en_US/fbevents.js",
    "method": "GET",
    "headers": {
      "sec-ch-ua": "\"Chromium\";v=\"123\", \"Not:A-Brand\";v=\"8\"",
      "referer": "https://wordpress.com/",
      "sec-ch-ua-mobile": "?0",
      "user-agent": "Mozilla/5.0 (X11; Linux x86_64) AppleWebKit/537.36 (KHTML, like Gecko) Chrome/123.0.0.0 Safari/537.36",
      "sec-ch-ua-platform": "\"Linux\"",
      "accept": "*/*"
    }
  },
  {
    "pageUrl": "https://wordpress.com/",
    "url": "https://bat.bing.com/bat.js",
    "method": "GET",
    "headers": {
      "sec-ch-ua": "\"Chromium\";v=\"123\", \"Not:A-Brand\";v=\"8\"",
      "referer": "https://wordpress.com/",
      "sec-ch-ua-mobile": "?0",
      "user-agent": "Mozilla/5.0 (X11; Linux x86_64) AppleWebKit/537.36 (KHTML, like Gecko) Chrome/123.0.0.0 Safari/537.36",
      "sec-ch-ua-platform": "\"Linux\"",
      "accept": "*/*"
    }
  },
  {
    "pageUrl": "https://wordpress.com/",
    "url": "https://connect.facebook.net/signals/config/823166884443641?v=2.9.154&r=stable&domain=wordpress.com&hme=c3a545c63044e8e9102d4f32d84a1137594d024f28e801d670bc76dc5c075575&ex_m=67%2C112%2C99%2C103%2C58%2C3%2C93%2C66%2C15%2C91%2C84%2C49%2C51%2C158%2C161%2C172%2C168%2C169%2C171%2C28%2C94%2C50%2C73%2C170%2C153%2C156%2C165%2C166%2C173%2C121%2C14%2C48%2C178%2C177%2C123%2C17%2C33%2C38%2C1%2C41%2C62%2C63%2C64%2C68%2C88%2C16%2C13%2C90%2C87%2C86%2C100%2C102%2C37%2C101%2C29%2C25%2C154%2C157%2C130%2C27%2C10%2C11%2C12%2C5%2C6%2C24%2C21%2C22%2C54%2C59%2C61%2C71%2C95%2C26%2C72%2C8%2C7%2C76%2C46%2C20%2C97%2C96%2C9%2C19%2C18%2C81%2C53%2C79%2C32%2C70%2C0%2C89%2C31%2C78%2C83%2C45%2C44%2C82%2C36%2C4%2C85%2C77%2C42%2C39%2C34%2C80%2C2%2C35%2C60%2C40%2C98%2C43%2C75%2C65%2C104%2C57%2C56%2C30%2C92%2C55%2C52%2C47%2C74%2C69%2C23%2C105",
    "method": "GET",
    "headers": {
      "sec-ch-ua": "\"Chromium\";v=\"123\", \"Not:A-Brand\";v=\"8\"",
      "referer": "https://wordpress.com/",
      "sec-ch-ua-mobile": "?0",
      "user-agent": "Mozilla/5.0 (X11; Linux x86_64) AppleWebKit/537.36 (KHTML, like Gecko) Chrome/123.0.0.0 Safari/537.36",
      "sec-ch-ua-platform": "\"Linux\"",
      "accept": "*/*"
    }
  },
  {
    "pageUrl": "https://wordpress.com/",
    "url": "https://www.facebook.com/tr/?id=823166884443641&ev=PageView&dl=https%3A%2F%2Fwordpress.com%2F&rl=&if=false&ts=1713760311326&sw=3840&sh=1080&v=2.9.154&r=stable&ec=0&o=4126&fbp=fb.1.1713760311326.791842509&ler=empty&cdl=API_unavailable&it=1713760311280&coo=false&rqm=GET",
    "method": "GET",
    "headers": {
      "sec-ch-ua": "\"Chromium\";v=\"123\", \"Not:A-Brand\";v=\"8\"",
      "referer": "https://wordpress.com/",
      "sec-ch-ua-mobile": "?0",
      "user-agent": "Mozilla/5.0 (X11; Linux x86_64) AppleWebKit/537.36 (KHTML, like Gecko) Chrome/123.0.0.0 Safari/537.36",
      "sec-ch-ua-platform": "\"Linux\"",
      "accept": "image/avif,image/webp,image/apng,image/svg+xml,image/*,*/*;q=0.8"
    }
  },
  {
    "pageUrl": "https://wordpress.com/",
    "url": "https://pixel.wp.com/boom.gif?bilmur=1&cumulative_layout_shift=0&largest_contentful_paint=1385&batcache_hit=0&provider=wordpress.com&service=simple&custom_properties=%7B%22subservice%22%3A%22landpack%22%2C%22enq_jquery%22%3A%221%22%2C%22logged_in%22%3A%220%22%2C%22wptheme%22%3A%22h4%22%2C%22wptheme_is_block%22%3A%220%22%7D&effective_connection_type=4g&rtt=0&downlink=10000&host_name=wordpress.com&url_path=%2F&nt_fetchStart=1&nt_domainLookupStart=945&nt_domainLookupEnd=945&nt_connectStart=945&nt_connectEnd=1072&nt_secureConnectionStart=959&nt_requestStart=1072&nt_responseStart=1116&nt_responseEnd=1157&nt_domLoading=1119&nt_domInteractive=1390&nt_domContentLoadedEventStart=1412&nt_domContentLoadedEventEnd=1433&nt_domComplete=2015&nt_loadEventStart=2015&nt_loadEventEnd=2016&nt_redirectCount=0&nt_nextHopProtocol=h2&nt_api_level=2&start_render=1488&first_contentful_paint=1488&resource_size=496671&resource_transferred=134384&resource_cache_percent=0&js_size=291136&js_transferred=100483&js_cache_percent=0&blocking_size=205535&blocking_transferred=33901&blocking_cache_percent=0&last_resource_end=2038",
    "method": "GET",
    "headers": {
      "sec-ch-ua": "\"Chromium\";v=\"123\", \"Not:A-Brand\";v=\"8\"",
      "referer": "https://wordpress.com/",
      "sec-ch-ua-mobile": "?0",
      "user-agent": "Mozilla/5.0 (X11; Linux x86_64) AppleWebKit/537.36 (KHTML, like Gecko) Chrome/123.0.0.0 Safari/537.36",
      "sec-ch-ua-platform": "\"Linux\"",
      "accept": "image/avif,image/webp,image/apng,image/svg+xml,image/*,*/*;q=0.8"
    }
  },
  {
    "pageUrl": "https://wordpress.com/start/?ref=logged-out-homepage-lp",
    "url": "https://stats.wp.com/w.js?67",
    "method": "GET",
    "headers": {
      "sec-ch-ua": "\"Chromium\";v=\"123\", \"Not:A-Brand\";v=\"8\"",
      "referer": "https://wordpress.com/",
      "sec-ch-ua-mobile": "?0",
      "user-agent": "Mozilla/5.0 (X11; Linux x86_64) AppleWebKit/537.36 (KHTML, like Gecko) Chrome/123.0.0.0 Safari/537.36",
      "sec-ch-ua-platform": "\"Linux\"",
      "accept": "*/*"
    }
  },
  {
    "pageUrl": "https://wordpress.com/start/?ref=logged-out-homepage-lp",
    "url": "https://public-api.wordpress.com/geo/",
    "method": "GET",
    "headers": {
      "sec-ch-ua": "\"Chromium\";v=\"123\", \"Not:A-Brand\";v=\"8\"",
      "referer": "https://wordpress.com/",
      "sec-ch-ua-mobile": "?0",
      "user-agent": "Mozilla/5.0 (X11; Linux x86_64) AppleWebKit/537.36 (KHTML, like Gecko) Chrome/123.0.0.0 Safari/537.36",
      "sec-ch-ua-platform": "\"Linux\"",
      "accept": "*/*",
      "origin": "https://wordpress.com"
    }
  },
  {
    "pageUrl": "https://wordpress.com/start/user-social?ref=logged-out-homepage-lp",
    "url": "https://p.typekit.net/p.gif?s=1&k=ivy2obh&ht=tk&h=wordpress.com&f=137.139.140.173.175.176.5474.36235&a=632290&js=1.21.0&app=typekit&e=js&_=1713760316662",
    "method": "GET",
    "headers": {
      "sec-ch-ua": "\"Chromium\";v=\"123\", \"Not:A-Brand\";v=\"8\"",
      "referer": "https://wordpress.com/",
      "sec-ch-ua-mobile": "?0",
      "user-agent": "Mozilla/5.0 (X11; Linux x86_64) AppleWebKit/537.36 (KHTML, like Gecko) Chrome/123.0.0.0 Safari/537.36",
      "sec-ch-ua-platform": "\"Linux\"",
      "accept": "image/avif,image/webp,image/apng,image/svg+xml,image/*,*/*;q=0.8"
    }
  },
  {
    "pageUrl": "https://wordpress.com/start/user-social?ref=logged-out-homepage-lp",
    "url": "https://connect.facebook.net/en_US/fbevents.js",
    "method": "GET",
    "headers": {
      "sec-ch-ua": "\"Chromium\";v=\"123\", \"Not:A-Brand\";v=\"8\"",
      "referer": "https://wordpress.com/",
      "sec-ch-ua-mobile": "?0",
      "user-agent": "Mozilla/5.0 (X11; Linux x86_64) AppleWebKit/537.36 (KHTML, like Gecko) Chrome/123.0.0.0 Safari/537.36",
      "sec-ch-ua-platform": "\"Linux\"",
      "accept": "*/*"
    }
  },
  {
    "pageUrl": "https://wordpress.com/start/user-social?ref=logged-out-homepage-lp",
    "url": "https://www.googletagmanager.com/gtag/js?id=UA-10673494-10",
    "method": "GET",
    "headers": {
      "sec-ch-ua": "\"Chromium\";v=\"123\", \"Not:A-Brand\";v=\"8\"",
      "referer": "https://wordpress.com/",
      "sec-ch-ua-mobile": "?0",
      "user-agent": "Mozilla/5.0 (X11; Linux x86_64) AppleWebKit/537.36 (KHTML, like Gecko) Chrome/123.0.0.0 Safari/537.36",
      "sec-ch-ua-platform": "\"Linux\"",
      "accept": "*/*"
    }
  },
  {
    "pageUrl": "https://wordpress.com/start/user-social?ref=logged-out-homepage-lp",
    "url": "https://bat.bing.com/bat.js",
    "method": "GET",
    "headers": {
      "sec-ch-ua": "\"Chromium\";v=\"123\", \"Not:A-Brand\";v=\"8\"",
      "referer": "https://wordpress.com/",
      "sec-ch-ua-mobile": "?0",
      "user-agent": "Mozilla/5.0 (X11; Linux x86_64) AppleWebKit/537.36 (KHTML, like Gecko) Chrome/123.0.0.0 Safari/537.36",
      "sec-ch-ua-platform": "\"Linux\"",
      "accept": "*/*"
    }
  },
  {
    "pageUrl": "https://wordpress.com/start/user-social?ref=logged-out-homepage-lp",
    "url": "https://amplify.outbrain.com/cp/obtp.js",
    "method": "GET",
    "headers": {
      "sec-ch-ua": "\"Chromium\";v=\"123\", \"Not:A-Brand\";v=\"8\"",
      "referer": "https://wordpress.com/",
      "sec-ch-ua-mobile": "?0",
      "user-agent": "Mozilla/5.0 (X11; Linux x86_64) AppleWebKit/537.36 (KHTML, like Gecko) Chrome/123.0.0.0 Safari/537.36",
      "sec-ch-ua-platform": "\"Linux\"",
      "accept": "*/*"
    }
  },
  {
    "pageUrl": "https://wordpress.com/start/user-social?ref=logged-out-homepage-lp",
    "url": "https://s.pinimg.com/ct/core.js",
    "method": "GET",
    "headers": {
      "sec-ch-ua": "\"Chromium\";v=\"123\", \"Not:A-Brand\";v=\"8\"",
      "referer": "https://wordpress.com/",
      "sec-ch-ua-mobile": "?0",
      "user-agent": "Mozilla/5.0 (X11; Linux x86_64) AppleWebKit/537.36 (KHTML, like Gecko) Chrome/123.0.0.0 Safari/537.36",
      "sec-ch-ua-platform": "\"Linux\"",
      "accept": "*/*"
    }
  },
  {
    "pageUrl": "https://wordpress.com/start/user-social?ref=logged-out-homepage-lp",
    "url": "https://www.redditstatic.com/ads/pixel.js",
    "method": "GET",
    "headers": {
      "sec-ch-ua": "\"Chromium\";v=\"123\", \"Not:A-Brand\";v=\"8\"",
      "referer": "https://wordpress.com/",
      "sec-ch-ua-mobile": "?0",
      "user-agent": "Mozilla/5.0 (X11; Linux x86_64) AppleWebKit/537.36 (KHTML, like Gecko) Chrome/123.0.0.0 Safari/537.36",
      "sec-ch-ua-platform": "\"Linux\"",
      "accept": "*/*"
    }
  },
  {
    "pageUrl": "https://wordpress.com/start/user-social?ref=logged-out-homepage-lp",
    "url": "https://pixel.wp.com/boom.gif?bilmur=1&cumulative_layout_shift=0&largest_contentful_paint=711&batcache_hit=0&provider=wordpress.com&service=calypso&custom_properties=%7B%22route_name%22%3A%22signup%22%7D&effective_connection_type=4g&rtt=0&downlink=10000&host_name=wordpress.com&url_path=%2Fstart%2Fuser-social&nt_fetchStart=2&nt_domainLookupStart=2&nt_domainLookupEnd=2&nt_connectStart=2&nt_connectEnd=2&nt_secureConnectionStart=1&nt_requestStart=3&nt_responseStart=54&nt_responseEnd=72&nt_domLoading=56&nt_domInteractive=303&nt_domContentLoadedEventStart=303&nt_domContentLoadedEventEnd=303&nt_domComplete=1180&nt_loadEventStart=1180&nt_loadEventEnd=1180&nt_redirectCount=0&nt_nextHopProtocol=h3&nt_api_level=2&start_render=244&first_contentful_paint=244&resource_size=2602538&resource_transferred=656735&resource_cache_percent=0&js_size=2005568&js_transferred=578078&js_cache_percent=0&blocking_size=586220&blocking_transferred=77544&blocking_cache_percent=0&last_resource_end=1255",
    "method": "GET",
    "headers": {
      "sec-ch-ua": "\"Chromium\";v=\"123\", \"Not:A-Brand\";v=\"8\"",
      "referer": "https://wordpress.com/",
      "sec-ch-ua-mobile": "?0",
      "user-agent": "Mozilla/5.0 (X11; Linux x86_64) AppleWebKit/537.36 (KHTML, like Gecko) Chrome/123.0.0.0 Safari/537.36",
      "sec-ch-ua-platform": "\"Linux\"",
      "accept": "image/avif,image/webp,image/apng,image/svg+xml,image/*,*/*;q=0.8"
    }
  },
  {
    "pageUrl": "https://wordpress.com/start/domains",
    "url": "https://connect.facebook.net/en_US/fbevents.js",
    "method": "GET",
    "headers": {
      "sec-ch-ua": "\"Chromium\";v=\"123\", \"Not:A-Brand\";v=\"8\"",
      "referer": "https://wordpress.com/",
      "sec-ch-ua-mobile": "?0",
      "user-agent": "Mozilla/5.0 (X11; Linux x86_64) AppleWebKit/537.36 (KHTML, like Gecko) Chrome/123.0.0.0 Safari/537.36",
      "sec-ch-ua-platform": "\"Linux\"",
      "accept": "*/*"
    }
  },
  {
    "pageUrl": "https://wordpress.com/start/domains",
    "url": "https://www.googletagmanager.com/gtag/js?id=UA-10673494-10",
    "method": "GET",
    "headers": {
      "sec-ch-ua": "\"Chromium\";v=\"123\", \"Not:A-Brand\";v=\"8\"",
      "referer": "https://wordpress.com/",
      "sec-ch-ua-mobile": "?0",
      "user-agent": "Mozilla/5.0 (X11; Linux x86_64) AppleWebKit/537.36 (KHTML, like Gecko) Chrome/123.0.0.0 Safari/537.36",
      "sec-ch-ua-platform": "\"Linux\"",
      "accept": "*/*"
    }
  },
  {
    "pageUrl": "https://wordpress.com/start/domains",
    "url": "https://bat.bing.com/bat.js",
    "method": "GET",
    "headers": {
      "sec-ch-ua": "\"Chromium\";v=\"123\", \"Not:A-Brand\";v=\"8\"",
      "referer": "https://wordpress.com/",
      "sec-ch-ua-mobile": "?0",
      "user-agent": "Mozilla/5.0 (X11; Linux x86_64) AppleWebKit/537.36 (KHTML, like Gecko) Chrome/123.0.0.0 Safari/537.36",
      "sec-ch-ua-platform": "\"Linux\"",
      "accept": "*/*"
    }
  },
  {
    "pageUrl": "https://wordpress.com/start/domains",
    "url": "https://amplify.outbrain.com/cp/obtp.js",
    "method": "GET",
    "headers": {
      "sec-ch-ua": "\"Chromium\";v=\"123\", \"Not:A-Brand\";v=\"8\"",
      "referer": "https://wordpress.com/",
      "sec-ch-ua-mobile": "?0",
      "user-agent": "Mozilla/5.0 (X11; Linux x86_64) AppleWebKit/537.36 (KHTML, like Gecko) Chrome/123.0.0.0 Safari/537.36",
      "sec-ch-ua-platform": "\"Linux\"",
      "accept": "*/*"
    }
  },
  {
    "pageUrl": "https://wordpress.com/start/domains",
    "url": "https://s.pinimg.com/ct/core.js",
    "method": "GET",
    "headers": {
      "sec-ch-ua": "\"Chromium\";v=\"123\", \"Not:A-Brand\";v=\"8\"",
      "referer": "https://wordpress.com/",
      "sec-ch-ua-mobile": "?0",
      "user-agent": "Mozilla/5.0 (X11; Linux x86_64) AppleWebKit/537.36 (KHTML, like Gecko) Chrome/123.0.0.0 Safari/537.36",
      "sec-ch-ua-platform": "\"Linux\"",
      "accept": "*/*"
    }
  },
  {
    "pageUrl": "https://wordpress.com/start/domains",
    "url": "https://www.redditstatic.com/ads/pixel.js",
    "method": "GET",
    "headers": {
      "sec-ch-ua": "\"Chromium\";v=\"123\", \"Not:A-Brand\";v=\"8\"",
      "referer": "https://wordpress.com/",
      "sec-ch-ua-mobile": "?0",
      "user-agent": "Mozilla/5.0 (X11; Linux x86_64) AppleWebKit/537.36 (KHTML, like Gecko) Chrome/123.0.0.0 Safari/537.36",
      "sec-ch-ua-platform": "\"Linux\"",
      "accept": "*/*"
    }
  },
  {
    "pageUrl": "https://wordpress.com/start/domains",
    "url": "https://www.googletagmanager.com/gtag/js?id=UA-10673494-10",
    "method": "GET",
    "headers": {
      "sec-ch-ua": "\"Chromium\";v=\"123\", \"Not:A-Brand\";v=\"8\"",
      "referer": "https://wordpress.com/",
      "sec-ch-ua-mobile": "?0",
      "user-agent": "Mozilla/5.0 (X11; Linux x86_64) AppleWebKit/537.36 (KHTML, like Gecko) Chrome/123.0.0.0 Safari/537.36",
      "sec-ch-ua-platform": "\"Linux\"",
      "accept": "*/*"
    }
  },
  {
    "pageUrl": "https://wordpress.com/start/domains",
    "url": "https://bat.bing.com/bat.js",
    "method": "GET",
    "headers": {
      "sec-ch-ua": "\"Chromium\";v=\"123\", \"Not:A-Brand\";v=\"8\"",
      "referer": "https://wordpress.com/",
      "sec-ch-ua-mobile": "?0",
      "user-agent": "Mozilla/5.0 (X11; Linux x86_64) AppleWebKit/537.36 (KHTML, like Gecko) Chrome/123.0.0.0 Safari/537.36",
      "sec-ch-ua-platform": "\"Linux\"",
      "accept": "*/*"
    }
  },
  {
    "pageUrl": "https://wordpress.com/start/domains",
    "url": "https://amplify.outbrain.com/cp/obtp.js",
    "method": "GET",
    "headers": {
      "sec-ch-ua": "\"Chromium\";v=\"123\", \"Not:A-Brand\";v=\"8\"",
      "referer": "https://wordpress.com/",
      "sec-ch-ua-mobile": "?0",
      "user-agent": "Mozilla/5.0 (X11; Linux x86_64) AppleWebKit/537.36 (KHTML, like Gecko) Chrome/123.0.0.0 Safari/537.36",
      "sec-ch-ua-platform": "\"Linux\"",
      "accept": "*/*"
    }
  },
  {
    "pageUrl": "https://wordpress.com/start/plans",
    "url": "https://connect.facebook.net/en_US/fbevents.js",
    "method": "GET",
    "headers": {
      "sec-ch-ua": "\"Chromium\";v=\"123\", \"Not:A-Brand\";v=\"8\"",
      "referer": "https://wordpress.com/",
      "sec-ch-ua-mobile": "?0",
      "user-agent": "Mozilla/5.0 (X11; Linux x86_64) AppleWebKit/537.36 (KHTML, like Gecko) Chrome/123.0.0.0 Safari/537.36",
      "sec-ch-ua-platform": "\"Linux\"",
      "accept": "*/*"
    }
  },
  {
    "pageUrl": "https://wordpress.com/start/plans",
    "url": "https://www.googletagmanager.com/gtag/js?id=UA-10673494-10",
    "method": "GET",
    "headers": {
      "sec-ch-ua": "\"Chromium\";v=\"123\", \"Not:A-Brand\";v=\"8\"",
      "referer": "https://wordpress.com/",
      "sec-ch-ua-mobile": "?0",
      "user-agent": "Mozilla/5.0 (X11; Linux x86_64) AppleWebKit/537.36 (KHTML, like Gecko) Chrome/123.0.0.0 Safari/537.36",
      "sec-ch-ua-platform": "\"Linux\"",
      "accept": "*/*"
    }
  },
  {
    "pageUrl": "https://wordpress.com/start/plans",
    "url": "https://bat.bing.com/bat.js",
    "method": "GET",
    "headers": {
      "sec-ch-ua": "\"Chromium\";v=\"123\", \"Not:A-Brand\";v=\"8\"",
      "referer": "https://wordpress.com/",
      "sec-ch-ua-mobile": "?0",
      "user-agent": "Mozilla/5.0 (X11; Linux x86_64) AppleWebKit/537.36 (KHTML, like Gecko) Chrome/123.0.0.0 Safari/537.36",
      "sec-ch-ua-platform": "\"Linux\"",
      "accept": "*/*"
    }
  },
  {
    "pageUrl": "https://wordpress.com/start/plans",
    "url": "https://amplify.outbrain.com/cp/obtp.js",
    "method": "GET",
    "headers": {
      "sec-ch-ua": "\"Chromium\";v=\"123\", \"Not:A-Brand\";v=\"8\"",
      "referer": "https://wordpress.com/",
      "sec-ch-ua-mobile": "?0",
      "user-agent": "Mozilla/5.0 (X11; Linux x86_64) AppleWebKit/537.36 (KHTML, like Gecko) Chrome/123.0.0.0 Safari/537.36",
      "sec-ch-ua-platform": "\"Linux\"",
      "accept": "*/*"
    }
  },
  {
    "pageUrl": "https://wordpress.com/start/plans",
    "url": "https://s.pinimg.com/ct/core.js",
    "method": "GET",
    "headers": {
      "sec-ch-ua": "\"Chromium\";v=\"123\", \"Not:A-Brand\";v=\"8\"",
      "referer": "https://wordpress.com/",
      "sec-ch-ua-mobile": "?0",
      "user-agent": "Mozilla/5.0 (X11; Linux x86_64) AppleWebKit/537.36 (KHTML, like Gecko) Chrome/123.0.0.0 Safari/537.36",
      "sec-ch-ua-platform": "\"Linux\"",
      "accept": "*/*"
    }
  },
  {
    "pageUrl": "https://wordpress.com/start/plans",
    "url": "https://www.redditstatic.com/ads/pixel.js",
    "method": "GET",
    "headers": {
      "sec-ch-ua": "\"Chromium\";v=\"123\", \"Not:A-Brand\";v=\"8\"",
      "referer": "https://wordpress.com/",
      "sec-ch-ua-mobile": "?0",
      "user-agent": "Mozilla/5.0 (X11; Linux x86_64) AppleWebKit/537.36 (KHTML, like Gecko) Chrome/123.0.0.0 Safari/537.36",
      "sec-ch-ua-platform": "\"Linux\"",
      "accept": "*/*"
    }
  },
  {
    "pageUrl": "https://wordpress.com/setup?siteSlug=silencerung0x.wordpress.com&siteId=232181347&ref=logged-out-homepage-lp",
    "url": "https://stats.wp.com/w.js?67",
    "method": "GET",
    "headers": {
      "sec-ch-ua": "\"Chromium\";v=\"123\", \"Not:A-Brand\";v=\"8\"",
      "referer": "https://wordpress.com/",
      "sec-ch-ua-mobile": "?0",
      "user-agent": "Mozilla/5.0 (X11; Linux x86_64) AppleWebKit/537.36 (KHTML, like Gecko) Chrome/123.0.0.0 Safari/537.36",
      "sec-ch-ua-platform": "\"Linux\"",
      "accept": "*/*"
    }
  },
  {
    "pageUrl": "https://wordpress.com/setup?siteSlug=silencerung0x.wordpress.com&siteId=232181347&ref=logged-out-homepage-lp",
    "url": "https://p.typekit.net/p.gif?s=1&k=ivy2obh&ht=tk&h=wordpress.com&f=137.139.140.173.175.176.5474.36235&a=632290&js=1.21.0&app=typekit&e=js&_=1713760351301",
    "method": "GET",
    "headers": {
      "sec-ch-ua": "\"Chromium\";v=\"123\", \"Not:A-Brand\";v=\"8\"",
      "referer": "https://wordpress.com/",
      "sec-ch-ua-mobile": "?0",
      "user-agent": "Mozilla/5.0 (X11; Linux x86_64) AppleWebKit/537.36 (KHTML, like Gecko) Chrome/123.0.0.0 Safari/537.36",
      "sec-ch-ua-platform": "\"Linux\"",
      "accept": "image/avif,image/webp,image/apng,image/svg+xml,image/*,*/*;q=0.8"
    }
  },
  {
    "pageUrl": "https://wordpress.com/setup/site-setup/goals?siteSlug=silencerung0x.wordpress.com&siteId=232181347&ref=logged-out-homepage-lp",
    "url": "https://connect.facebook.net/en_US/fbevents.js",
    "method": "GET",
    "headers": {
      "sec-ch-ua": "\"Chromium\";v=\"123\", \"Not:A-Brand\";v=\"8\"",
      "referer": "https://wordpress.com/",
      "sec-ch-ua-mobile": "?0",
      "user-agent": "Mozilla/5.0 (X11; Linux x86_64) AppleWebKit/537.36 (KHTML, like Gecko) Chrome/123.0.0.0 Safari/537.36",
      "sec-ch-ua-platform": "\"Linux\"",
      "accept": "*/*"
    }
  },
  {
    "pageUrl": "https://wordpress.com/setup/site-setup/goals?siteSlug=silencerung0x.wordpress.com&siteId=232181347&ref=logged-out-homepage-lp",
    "url": "https://www.googletagmanager.com/gtag/js?id=UA-10673494-10",
    "method": "GET",
    "headers": {
      "sec-ch-ua": "\"Chromium\";v=\"123\", \"Not:A-Brand\";v=\"8\"",
      "referer": "https://wordpress.com/",
      "sec-ch-ua-mobile": "?0",
      "user-agent": "Mozilla/5.0 (X11; Linux x86_64) AppleWebKit/537.36 (KHTML, like Gecko) Chrome/123.0.0.0 Safari/537.36",
      "sec-ch-ua-platform": "\"Linux\"",
      "accept": "*/*"
    }
  },
  {
    "pageUrl": "https://wordpress.com/setup/site-setup/goals?siteSlug=silencerung0x.wordpress.com&siteId=232181347&ref=logged-out-homepage-lp",
    "url": "https://bat.bing.com/bat.js",
    "method": "GET",
    "headers": {
      "sec-ch-ua": "\"Chromium\";v=\"123\", \"Not:A-Brand\";v=\"8\"",
      "referer": "https://wordpress.com/",
      "sec-ch-ua-mobile": "?0",
      "user-agent": "Mozilla/5.0 (X11; Linux x86_64) AppleWebKit/537.36 (KHTML, like Gecko) Chrome/123.0.0.0 Safari/537.36",
      "sec-ch-ua-platform": "\"Linux\"",
      "accept": "*/*"
    }
  },
  {
    "pageUrl": "https://wordpress.com/setup/site-setup/goals?siteSlug=silencerung0x.wordpress.com&siteId=232181347&ref=logged-out-homepage-lp",
    "url": "https://amplify.outbrain.com/cp/obtp.js",
    "method": "GET",
    "headers": {
      "sec-ch-ua": "\"Chromium\";v=\"123\", \"Not:A-Brand\";v=\"8\"",
      "referer": "https://wordpress.com/",
      "sec-ch-ua-mobile": "?0",
      "user-agent": "Mozilla/5.0 (X11; Linux x86_64) AppleWebKit/537.36 (KHTML, like Gecko) Chrome/123.0.0.0 Safari/537.36",
      "sec-ch-ua-platform": "\"Linux\"",
      "accept": "*/*"
    }
  },
  {
    "pageUrl": "https://wordpress.com/setup/site-setup/goals?siteSlug=silencerung0x.wordpress.com&siteId=232181347&ref=logged-out-homepage-lp",
    "url": "https://s.pinimg.com/ct/core.js",
    "method": "GET",
    "headers": {
      "sec-ch-ua": "\"Chromium\";v=\"123\", \"Not:A-Brand\";v=\"8\"",
      "referer": "https://wordpress.com/",
      "sec-ch-ua-mobile": "?0",
      "user-agent": "Mozilla/5.0 (X11; Linux x86_64) AppleWebKit/537.36 (KHTML, like Gecko) Chrome/123.0.0.0 Safari/537.36",
      "sec-ch-ua-platform": "\"Linux\"",
      "accept": "*/*"
    }
  },
  {
    "pageUrl": "https://wordpress.com/setup/site-setup/goals?siteSlug=silencerung0x.wordpress.com&siteId=232181347&ref=logged-out-homepage-lp",
    "url": "https://www.redditstatic.com/ads/pixel.js",
    "method": "GET",
    "headers": {
      "sec-ch-ua": "\"Chromium\";v=\"123\", \"Not:A-Brand\";v=\"8\"",
      "referer": "https://wordpress.com/",
      "sec-ch-ua-mobile": "?0",
      "user-agent": "Mozilla/5.0 (X11; Linux x86_64) AppleWebKit/537.36 (KHTML, like Gecko) Chrome/123.0.0.0 Safari/537.36",
      "sec-ch-ua-platform": "\"Linux\"",
      "accept": "*/*"
    }
  },
  {
    "pageUrl": "https://wordpress.com/setup/site-setup/goals?siteSlug=silencerung0x.wordpress.com&siteId=232181347&ref=logged-out-homepage-lp",
    "url": "https://pixel.wp.com/boom.gif?bilmur=1&cumulative_layout_shift=0&largest_contentful_paint=1594&batcache_hit=0&provider=wordpress.com&service=calypso&custom_properties=%7B%22route_name%22%3A%22stepper%22%7D&effective_connection_type=4g&rtt=50&downlink=10000&host_name=wordpress.com&url_path=%2Fsetup%2Fsite-setup%2Fgoals&nt_unloadEventStart=966&nt_unloadEventEnd=966&nt_redirectStart=1&nt_redirectEnd=488&nt_fetchStart=488&nt_domainLookupStart=488&nt_domainLookupEnd=488&nt_connectStart=488&nt_connectEnd=488&nt_secureConnectionStart=488&nt_requestStart=490&nt_responseStart=964&nt_responseEnd=986&nt_domLoading=968&nt_domInteractive=1181&nt_domContentLoadedEventStart=1181&nt_domContentLoadedEventEnd=1181&nt_domComplete=1196&nt_loadEventStart=1196&nt_loadEventEnd=1196&nt_redirectCount=1&nt_nextHopProtocol=h3&nt_api_level=2&start_render=1077&first_contentful_paint=1077&resource_size=3356566&resource_transferred=240971&resource_cache_percent=70&js_size=2408857&js_transferred=190650&js_cache_percent=74&blocking_size=903295&blocking_transferred=50321&blocking_cache_percent=58&last_resource_end=1572",
    "method": "GET",
    "headers": {
      "sec-ch-ua": "\"Chromium\";v=\"123\", \"Not:A-Brand\";v=\"8\"",
      "referer": "https://wordpress.com/",
      "sec-ch-ua-mobile": "?0",
      "user-agent": "Mozilla/5.0 (X11; Linux x86_64) AppleWebKit/537.36 (KHTML, like Gecko) Chrome/123.0.0.0 Safari/537.36",
      "sec-ch-ua-platform": "\"Linux\"",
      "accept": "image/avif,image/webp,image/apng,image/svg+xml,image/*,*/*;q=0.8"
    }
  },
  {
    "pageUrl": "https://wordpress.com/setup/site-setup/processing?siteSlug=silencerung0x.wordpress.com&siteId=232181347&ref=logged-out-homepage-lp",
    "url": "https://connect.facebook.net/en_US/fbevents.js",
    "method": "GET",
    "headers": {
      "sec-ch-ua": "\"Chromium\";v=\"123\", \"Not:A-Brand\";v=\"8\"",
      "referer": "https://wordpress.com/",
      "sec-ch-ua-mobile": "?0",
      "user-agent": "Mozilla/5.0 (X11; Linux x86_64) AppleWebKit/537.36 (KHTML, like Gecko) Chrome/123.0.0.0 Safari/537.36",
      "sec-ch-ua-platform": "\"Linux\"",
      "accept": "*/*"
    }
  },
  {
    "pageUrl": "https://wordpress.com/setup/site-setup/processing?siteSlug=silencerung0x.wordpress.com&siteId=232181347&ref=logged-out-homepage-lp",
    "url": "https://www.googletagmanager.com/gtag/js?id=UA-10673494-10",
    "method": "GET",
    "headers": {
      "sec-ch-ua": "\"Chromium\";v=\"123\", \"Not:A-Brand\";v=\"8\"",
      "referer": "https://wordpress.com/",
      "sec-ch-ua-mobile": "?0",
      "user-agent": "Mozilla/5.0 (X11; Linux x86_64) AppleWebKit/537.36 (KHTML, like Gecko) Chrome/123.0.0.0 Safari/537.36",
      "sec-ch-ua-platform": "\"Linux\"",
      "accept": "*/*"
    }
  },
  {
    "pageUrl": "https://wordpress.com/setup/site-setup/processing?siteSlug=silencerung0x.wordpress.com&siteId=232181347&ref=logged-out-homepage-lp",
    "url": "https://bat.bing.com/bat.js",
    "method": "GET",
    "headers": {
      "sec-ch-ua": "\"Chromium\";v=\"123\", \"Not:A-Brand\";v=\"8\"",
      "referer": "https://wordpress.com/",
      "sec-ch-ua-mobile": "?0",
      "user-agent": "Mozilla/5.0 (X11; Linux x86_64) AppleWebKit/537.36 (KHTML, like Gecko) Chrome/123.0.0.0 Safari/537.36",
      "sec-ch-ua-platform": "\"Linux\"",
      "accept": "*/*"
    }
  },
  {
    "pageUrl": "https://wordpress.com/setup/site-setup/processing?siteSlug=silencerung0x.wordpress.com&siteId=232181347&ref=logged-out-homepage-lp",
    "url": "https://amplify.outbrain.com/cp/obtp.js",
    "method": "GET",
    "headers": {
      "sec-ch-ua": "\"Chromium\";v=\"123\", \"Not:A-Brand\";v=\"8\"",
      "referer": "https://wordpress.com/",
      "sec-ch-ua-mobile": "?0",
      "user-agent": "Mozilla/5.0 (X11; Linux x86_64) AppleWebKit/537.36 (KHTML, like Gecko) Chrome/123.0.0.0 Safari/537.36",
      "sec-ch-ua-platform": "\"Linux\"",
      "accept": "*/*"
    }
  },
  {
    "pageUrl": "https://wordpress.com/setup/site-setup/processing?siteSlug=silencerung0x.wordpress.com&siteId=232181347&ref=logged-out-homepage-lp",
    "url": "https://s.pinimg.com/ct/core.js",
    "method": "GET",
    "headers": {
      "sec-ch-ua": "\"Chromium\";v=\"123\", \"Not:A-Brand\";v=\"8\"",
      "referer": "https://wordpress.com/",
      "sec-ch-ua-mobile": "?0",
      "user-agent": "Mozilla/5.0 (X11; Linux x86_64) AppleWebKit/537.36 (KHTML, like Gecko) Chrome/123.0.0.0 Safari/537.36",
      "sec-ch-ua-platform": "\"Linux\"",
      "accept": "*/*"
    }
  },
  {
    "pageUrl": "https://wordpress.com/setup/site-setup/processing?siteSlug=silencerung0x.wordpress.com&siteId=232181347&ref=logged-out-homepage-lp",
    "url": "https://www.redditstatic.com/ads/pixel.js",
    "method": "GET",
    "headers": {
      "sec-ch-ua": "\"Chromium\";v=\"123\", \"Not:A-Brand\";v=\"8\"",
      "referer": "https://wordpress.com/",
      "sec-ch-ua-mobile": "?0",
      "user-agent": "Mozilla/5.0 (X11; Linux x86_64) AppleWebKit/537.36 (KHTML, like Gecko) Chrome/123.0.0.0 Safari/537.36",
      "sec-ch-ua-platform": "\"Linux\"",
      "accept": "*/*"
    }
  },
  {
    "pageUrl": "https://wordpress.com/home/232181347?showLaunchpad=true",
    "url": "https://stats.wp.com/w.js?67",
    "method": "GET",
    "headers": {
      "sec-ch-ua": "\"Chromium\";v=\"123\", \"Not:A-Brand\";v=\"8\"",
      "referer": "https://wordpress.com/",
      "sec-ch-ua-mobile": "?0",
      "user-agent": "Mozilla/5.0 (X11; Linux x86_64) AppleWebKit/537.36 (KHTML, like Gecko) Chrome/123.0.0.0 Safari/537.36",
      "sec-ch-ua-platform": "\"Linux\"",
      "accept": "*/*"
    }
  },
  {
    "pageUrl": "https://wordpress.com/home/232181347?showLaunchpad=true",
    "url": "https://p.typekit.net/p.gif?s=1&k=ivy2obh&ht=tk&h=wordpress.com&f=137.139.140.173.175.176.5474.36235&a=632290&js=1.21.0&app=typekit&e=js&_=1713760356241",
    "method": "GET",
    "headers": {
      "sec-ch-ua": "\"Chromium\";v=\"123\", \"Not:A-Brand\";v=\"8\"",
      "referer": "https://wordpress.com/",
      "sec-ch-ua-mobile": "?0",
      "user-agent": "Mozilla/5.0 (X11; Linux x86_64) AppleWebKit/537.36 (KHTML, like Gecko) Chrome/123.0.0.0 Safari/537.36",
      "sec-ch-ua-platform": "\"Linux\"",
      "accept": "image/avif,image/webp,image/apng,image/svg+xml,image/*,*/*;q=0.8"
    }
  },
  {
    "pageUrl": "https://wordpress.com/home/232181347?showLaunchpad=true",
    "url": "https://public-api.wordpress.com/geo/",
    "method": "GET",
    "headers": {
      "sec-ch-ua": "\"Chromium\";v=\"123\", \"Not:A-Brand\";v=\"8\"",
      "referer": "https://wordpress.com/",
      "sec-ch-ua-mobile": "?0",
      "user-agent": "Mozilla/5.0 (X11; Linux x86_64) AppleWebKit/537.36 (KHTML, like Gecko) Chrome/123.0.0.0 Safari/537.36",
      "sec-ch-ua-platform": "\"Linux\"",
      "accept": "*/*",
      "origin": "https://wordpress.com"
    }
  },
  {
    "pageUrl": "https://wordpress.com/home/232181347?showLaunchpad=true",
    "url": "https://pixel.wp.com/g.gif?v=wpcom-no-pv&x_calypso_chunk_retry=home&t=0.986636472294768",
    "method": "GET",
    "headers": {
      "sec-ch-ua": "\"Chromium\";v=\"123\", \"Not:A-Brand\";v=\"8\"",
      "referer": "https://wordpress.com/",
      "sec-ch-ua-mobile": "?0",
      "user-agent": "Mozilla/5.0 (X11; Linux x86_64) AppleWebKit/537.36 (KHTML, like Gecko) Chrome/123.0.0.0 Safari/537.36",
      "sec-ch-ua-platform": "\"Linux\"",
      "accept": "image/avif,image/webp,image/apng,image/svg+xml,image/*,*/*;q=0.8"
    }
  },
  {
    "pageUrl": "https://wordpress.com/home/232181347?showLaunchpad=true",
    "url": "https://pixel.wp.com/boom.gif?bilmur=1&cumulative_layout_shift=0&batcache_hit=0&provider=wordpress.com&service=calypso&custom_properties=%7B%22route_name%22%3A%22home%22%7D&effective_connection_type=4g&rtt=50&downlink=10000&host_name=wordpress.com&url_path=%2Fhome%2F232181347&nt_unloadEventStart=168&nt_unloadEventEnd=168&nt_fetchStart=2&nt_domainLookupStart=2&nt_domainLookupEnd=2&nt_connectStart=2&nt_connectEnd=2&nt_secureConnectionStart=1&nt_requestStart=5&nt_responseStart=166&nt_responseEnd=186&nt_domLoading=169&nt_domInteractive=297&nt_domContentLoadedEventStart=297&nt_domContentLoadedEventEnd=297&nt_domComplete=386&nt_redirectCount=0&nt_nextHopProtocol=h3&nt_api_level=2&start_render=322&first_contentful_paint=322&resource_size=4389852&resource_transferred=399851&resource_cache_percent=67&js_size=3351863&js_transferred=319453&js_cache_percent=67&blocking_size=946871&blocking_transferred=80398&blocking_cache_percent=65",
    "method": "GET",
    "headers": {
      "sec-ch-ua": "\"Chromium\";v=\"123\", \"Not:A-Brand\";v=\"8\"",
      "cache-control": "max-age=0",
      "referer": "https://wordpress.com/",
      "sec-ch-ua-mobile": "?0",
      "user-agent": "Mozilla/5.0 (X11; Linux x86_64) AppleWebKit/537.36 (KHTML, like Gecko) Chrome/123.0.0.0 Safari/537.36",
      "sec-ch-ua-platform": "\"Linux\"",
      "accept": "*/*"
    }
  },
  {
    "pageUrl": "https://wordpress.com/home/232181347?showLaunchpad=true&retry=1",
    "url": "https://stats.wp.com/w.js?67",
    "method": "GET",
    "headers": {
      "sec-ch-ua": "\"Chromium\";v=\"123\", \"Not:A-Brand\";v=\"8\"",
      "referer": "https://wordpress.com/",
      "sec-ch-ua-mobile": "?0",
      "user-agent": "Mozilla/5.0 (X11; Linux x86_64) AppleWebKit/537.36 (KHTML, like Gecko) Chrome/123.0.0.0 Safari/537.36",
      "sec-ch-ua-platform": "\"Linux\"",
      "accept": "*/*"
    }
  },
  {
    "pageUrl": "https://wordpress.com/home/232181347?showLaunchpad=true&retry=1",
    "url": "https://p.typekit.net/p.gif?s=1&k=ivy2obh&ht=tk&h=wordpress.com&f=137.139.140.173.175.176.5474.36235&a=632290&js=1.21.0&app=typekit&e=js&_=1713760356546",
    "method": "GET",
    "headers": {
      "sec-ch-ua": "\"Chromium\";v=\"123\", \"Not:A-Brand\";v=\"8\"",
      "referer": "https://wordpress.com/",
      "sec-ch-ua-mobile": "?0",
      "user-agent": "Mozilla/5.0 (X11; Linux x86_64) AppleWebKit/537.36 (KHTML, like Gecko) Chrome/123.0.0.0 Safari/537.36",
      "sec-ch-ua-platform": "\"Linux\"",
      "accept": "image/avif,image/webp,image/apng,image/svg+xml,image/*,*/*;q=0.8"
    }
  },
  {
    "pageUrl": "https://wordpress.com/home/232181347?showLaunchpad=true&retry=1",
    "url": "https://public-api.wordpress.com/geo/",
    "method": "GET",
    "headers": {
      "sec-ch-ua": "\"Chromium\";v=\"123\", \"Not:A-Brand\";v=\"8\"",
      "referer": "https://wordpress.com/",
      "sec-ch-ua-mobile": "?0",
      "user-agent": "Mozilla/5.0 (X11; Linux x86_64) AppleWebKit/537.36 (KHTML, like Gecko) Chrome/123.0.0.0 Safari/537.36",
      "sec-ch-ua-platform": "\"Linux\"",
      "accept": "*/*",
      "origin": "https://wordpress.com"
    }
  },
  {
    "pageUrl": "https://wordpress.com/home/232181347?showLaunchpad=true&retry=1",
    "url": "https://pixel.wp.com/g.gif?v=wpcom-no-pv&x_calypso_chunk_error=home&t=0.8055039515791287",
    "method": "GET",
    "headers": {
      "sec-ch-ua": "\"Chromium\";v=\"123\", \"Not:A-Brand\";v=\"8\"",
      "referer": "https://wordpress.com/",
      "sec-ch-ua-mobile": "?0",
      "user-agent": "Mozilla/5.0 (X11; Linux x86_64) AppleWebKit/537.36 (KHTML, like Gecko) Chrome/123.0.0.0 Safari/537.36",
      "sec-ch-ua-platform": "\"Linux\"",
      "accept": "image/avif,image/webp,image/apng,image/svg+xml,image/*,*/*;q=0.8"
    }
  },
  {
    "pageUrl": "https://wordpress.com/home/232181347?showLaunchpad=true&retry=1",
    "url": "https://pixel.wp.com/boom.gif?bilmur=1&cumulative_layout_shift=0.016&largest_contentful_paint=377&batcache_hit=0&provider=wordpress.com&service=calypso&custom_properties=%7B%22route_name%22%3A%22home%22%7D&effective_connection_type=4g&rtt=50&downlink=10000&host_name=wordpress.com&url_path=%2Fhome%2F232181347&nt_unloadEventStart=157&nt_unloadEventEnd=157&nt_fetchStart=1&nt_domainLookupStart=1&nt_domainLookupEnd=1&nt_connectStart=1&nt_connectEnd=1&nt_secureConnectionStart=1&nt_requestStart=3&nt_responseStart=154&nt_responseEnd=164&nt_domLoading=158&nt_domInteractive=236&nt_domContentLoadedEventStart=236&nt_domContentLoadedEventEnd=236&nt_domComplete=330&nt_loadEventStart=330&nt_loadEventEnd=330&nt_redirectCount=0&nt_nextHopProtocol=h3&nt_api_level=2&start_render=236&first_contentful_paint=236&resource_size=4610660&resource_transferred=0&resource_cache_percent=100&js_size=3347015&js_transferred=0&js_cache_percent=100&blocking_size=4269552&blocking_transferred=0&blocking_cache_percent=100&last_resource_end=540",
    "method": "GET",
    "headers": {
      "sec-ch-ua": "\"Chromium\";v=\"123\", \"Not:A-Brand\";v=\"8\"",
      "referer": "https://wordpress.com/",
      "sec-ch-ua-mobile": "?0",
      "user-agent": "Mozilla/5.0 (X11; Linux x86_64) AppleWebKit/537.36 (KHTML, like Gecko) Chrome/123.0.0.0 Safari/537.36",
      "sec-ch-ua-platform": "\"Linux\"",
      "accept": "image/avif,image/webp,image/apng,image/svg+xml,image/*,*/*;q=0.8"
    }
  }
]