[
  {
    "pageUrl": "https://www.skype.com/en/",
    "url": "https://js.monitor.azure.com/scripts/c/ms.analytics-web-3.min.js",
    "method": "GET",
    "headers": {
      "sec-ch-ua": "\"Chromium\";v=\"123\", \"Not:A-Brand\";v=\"8\"",
      "referer": "https://www.skype.com/",
      "sec-ch-ua-mobile": "?0",
      "user-agent": "Mozilla/5.0 (X11; Linux x86_64) AppleWebKit/537.36 (KHTML, like Gecko) Chrome/123.0.0.0 Safari/537.36",
      "sec-ch-ua-platform": "\"Linux\"",
      "accept": "*/*"
    }
  },
  {
    "pageUrl": "https://www.skype.com/en/",
    "url": "https://browser.pipe.aria.microsoft.com/Collector/3.0/?qsp=true&content-type=application%2Fbond-compact-binary&client-id=NO_AUTH&sdk-version=ACT-Web-JS-2.9.0&x-apikey=28b1987bcc8c4e1a8cd8c2874c7dede4-66d03f5b-4777-4915-ba6a-f821e57b2e64-7437",
    "method": "POST",
    "headers": {
      "sec-ch-ua": "\"Chromium\";v=\"123\", \"Not:A-Brand\";v=\"8\"",
      "referer": "https://www.skype.com/",
      "sec-ch-ua-mobile": "?0",
      "user-agent": "Mozilla/5.0 (X11; Linux x86_64) AppleWebKit/537.36 (KHTML, like Gecko) Chrome/123.0.0.0 Safari/537.36",
      "sec-ch-ua-platform": "\"Linux\"",
      "accept": "*/*",
      "origin": "https://www.skype.com"
    }
  },
  {
    "pageUrl": "https://www.skype.com/en/",
    "url": "https://browser.pipe.aria.microsoft.com/Collector/3.0/?qsp=true&content-type=application%2Fbond-compact-binary&client-id=NO_AUTH&sdk-version=ACT-Web-JS-2.9.0&x-apikey=28b1987bcc8c4e1a8cd8c2874c7dede4-66d03f5b-4777-4915-ba6a-f821e57b2e64-7437",
    "method": "POST",
    "headers": {
      "sec-ch-ua": "\"Chromium\";v=\"123\", \"Not:A-Brand\";v=\"8\"",
      "referer": "https://www.skype.com/",
      "sec-ch-ua-mobile": "?0",
      "user-agent": "Mozilla/5.0 (X11; Linux x86_64) AppleWebKit/537.36 (KHTML, like Gecko) Chrome/123.0.0.0 Safari/537.36",
      "sec-ch-ua-platform": "\"Linux\"",
      "accept": "*/*",
      "origin": "https://www.skype.com"
    }
  }
]